ORDER_ITEM_ID,ORDER_ID,PRODUCT_ID,QUANTITY,UNIT_PRICE,SUBTOTAL
1,10001,39,1,7980,7980
2,10001,41,1,1980,1980
3,10001,14,1,1780,1780
4,10001,23,1,1980,1980
5,10001,12,2,2480,4960
6,10001,2,2,3280,6560
7,10002,3,2,4980,9960
8,10002,4,1,2480,2480
9,10002,36,1,780,780
10,10002,1,2,2980,5960
11,10003,23,1,1980,1980
12,10003,47,2,1280,2560
13,10003,1,1,2980,2980
14,10003,43,2,3480,6960
15,10003,28,1,3480,3480
16,10003,16,1,1980,1980
17,10004,29,1,1780,1780
18,10004,5,1,1980,1980
19,10004,12,1,2480,2480
20,10004,14,1,1780,1780
21,10004,3,1,4980,4980
22,10004,17,1,1280,1280
23,10005,11,3,3980,11940
24,10005,13,3,3680,11040
25,10006,21,1,1680,1680
26,10006,14,1,1780,1780
27,10007,16,1,1980,1980
28,10007,15,1,3280,3280
29,10008,22,1,2280,2280
30,10008,26,1,1580,1580
31,10008,1,1,2980,2980
32,10008,12,1,2480,2480
33,10008,47,3,1280,3840
34,10008,23,1,1980,1980
35,10009,41,1,1980,1980
36,10009,2,1,3280,3280
37,10010,21,1,1680,1680
38,10010,12,1,2480,2480
39,10010,4,1,2480,2480
40,10010,5,1,1980,1980
41,10010,24,1,2580,2580
42,10010,16,1,1980,1980
43,10011,21,1,1680,1680
44,10011,41,1,1980,1980
45,10012,10,1,4280,4280
46,10012,20,1,2880,2880
47,10013,42,1,2980,2980
48,10013,1,1,2980,2980
49,10013,10,1,4280,4280
50,10013,8,1,1680,1680
51,10014,1,1,2980,2980
52,10014,30,2,980,1960
53,10014,39,2,7980,15960
54,10014,41,2,1980,3960
55,10015,30,1,980,980
56,10015,4,1,2480,2480
57,10015,2,1,3280,3280
58,10015,41,1,1980,1980
59,10016,36,2,780,1560
60,10016,39,1,7980,7980
61,10016,14,1,1780,1780
62,10016,9,1,1880,1880
63,10016,44,1,1680,1680
64,10016,40,1,5480,5480
65,10016,3,1,4980,4980
66,10016,11,1,3980,3980
67,10017,16,1,1980,1980
68,10017,23,1,1980,1980
69,10018,1,1,2980,2980
70,10018,29,1,1780,1780
71,10019,24,1,2580,2580
72,10019,1,2,2980,5960
73,10019,20,1,2880,2880
74,10019,44,2,1680,3360
75,10020,50,1,1580,1580
76,10020,13,1,3680,3680
77,10020,2,1,3280,3280
78,10020,1,1,2980,2980
79,10020,29,1,1780,1780
80,10020,6,1,3480,3480
81,10021,10,2,4280,8560
82,10021,6,1,3480,3480
83,10021,46,2,1480,2960
84,10021,2,1,3280,3280
85,10022,4,3,2480,7440
86,10022,45,3,2680,8040
87,10023,29,1,1780,1780
88,10023,22,2,2280,4560
89,10024,11,1,3980,3980
90,10024,27,1,1480,1480
91,10024,12,1,2480,2480
92,10024,21,2,1680,3360
93,10024,33,1,1580,1580
94,10024,35,1,1180,1180
95,10025,32,1,1280,1280
96,10025,44,1,1680,1680
97,10026,14,1,1780,1780
98,10026,2,1,3280,3280
99,10026,21,1,1680,1680
100,10026,42,2,2980,5960
101,10027,41,2,1980,3960
102,10027,5,1,1980,1980
103,10028,21,1,1680,1680
104,10028,26,1,1580,1580
105,10029,8,1,1680,1680
106,10029,16,2,1980,3960
107,10029,29,2,1780,3560
108,10029,3,1,4980,4980
109,10029,1,1,2980,2980
110,10029,12,2,2480,4960
111,10030,27,1,1480,1480
112,10030,41,1,1980,1980
113,10030,22,1,2280,2280
114,10030,44,1,1680,1680
115,10030,48,1,1880,1880
116,10030,13,2,3680,7360
117,10031,31,1,2180,2180
118,10031,25,1,1880,1880
119,10032,4,1,2480,2480
120,10032,8,1,1680,1680
121,10033,31,2,2180,4360
122,10033,34,1,1480,1480
123,10034,43,1,3480,3480
124,10034,3,1,4980,4980
125,10034,2,1,3280,3280
126,10034,9,1,1880,1880
127,10035,36,3,780,2340
128,10035,41,1,1980,1980
129,10036,34,2,1480,2960
130,10036,39,2,7980,15960
131,10037,8,1,1680,1680
132,10037,1,1,2980,2980
133,10037,15,1,3280,3280
134,10037,36,2,780,1560
135,10038,23,2,1980,3960
136,10038,27,1,1480,1480
137,10038,22,1,2280,2280
138,10038,6,1,3480,3480
139,10038,11,1,3980,3980
140,10038,24,3,2580,7740
141,10039,5,1,1980,1980
142,10039,2,1,3280,3280
143,10039,7,2,5980,11960
144,10039,39,1,7980,7980
145,10039,16,2,1980,3960
146,10039,47,1,1280,1280
147,10040,7,1,5980,5980
148,10040,1,1,2980,2980
149,10040,40,1,5480,5480
150,10040,21,1,1680,1680
151,10040,48,1,1880,1880
152,10040,2,1,3280,3280
153,10041,5,1,1980,1980
154,10041,36,1,780,780
155,10042,40,2,5480,10960
156,10042,21,2,1680,3360
157,10043,5,2,1980,3960
158,10043,9,1,1880,1880
159,10044,11,2,3980,7960
160,10044,13,1,3680,3680
161,10045,48,3,1880,5640
162,10045,6,1,3480,3480
163,10045,2,1,3280,3280
164,10045,3,1,4980,4980
165,10045,36,1,780,780
166,10045,33,1,1580,1580
167,10045,29,1,1780,1780
168,10045,43,2,3480,6960
169,10046,45,2,2680,5360
170,10046,26,3,1580,4740
171,10046,15,1,3280,3280
172,10046,43,1,3480,3480
173,10047,13,1,3680,3680
174,10047,2,1,3280,3280
175,10047,5,2,1980,3960
176,10047,28,2,3480,6960
177,10048,1,1,2980,2980
178,10048,5,1,1980,1980
179,10048,13,1,3680,3680
180,10048,29,2,1780,3560
181,10048,27,1,1480,1480
182,10048,7,3,5980,17940
183,10048,15,1,3280,3280
184,10048,40,1,5480,5480
185,10049,30,1,980,980
186,10049,44,2,1680,3360
187,10050,16,2,1980,3960
188,10050,37,1,1380,1380
189,10051,45,1,2680,2680
190,10051,22,1,2280,2280
191,10052,19,1,1580,1580
192,10052,15,1,3280,3280
193,10053,21,1,1680,1680
194,10053,23,2,1980,3960
195,10054,3,2,4980,9960
196,10054,2,1,3280,3280
197,10055,2,2,3280,6560
198,10055,45,1,2680,2680
199,10056,6,1,3480,3480
200,10056,1,1,2980,2980
201,10057,24,1,2580,2580
202,10057,13,2,3680,7360
203,10058,40,2,5480,10960
204,10058,44,1,1680,1680
205,10058,5,1,1980,1980
206,10058,17,2,1280,2560
207,10059,3,1,4980,4980
208,10059,41,1,1980,1980
209,10059,40,1,5480,5480
210,10059,14,1,1780,1780
211,10060,8,2,1680,3360
212,10060,11,1,3980,3980
213,10061,39,1,7980,7980
214,10061,46,2,1480,2960
215,10062,15,2,3280,6560
216,10062,5,2,1980,3960
217,10062,10,2,4280,8560
218,10062,8,1,1680,1680
219,10062,37,1,1380,1380
220,10062,11,1,3980,3980
221,10062,24,1,2580,2580
222,10062,2,1,3280,3280
223,10063,5,1,1980,1980
224,10063,17,3,1280,3840
225,10064,11,1,3980,3980
226,10064,13,2,3680,7360
227,10065,31,1,2180,2180
228,10065,5,1,1980,1980
229,10065,23,1,1980,1980
230,10065,6,1,3480,3480
231,10066,43,1,3480,3480
232,10066,4,1,2480,2480
233,10066,11,1,3980,3980
234,10066,5,1,1980,1980
235,10067,41,1,1980,1980
236,10067,36,1,780,780
237,10067,9,1,1880,1880
238,10067,11,1,3980,3980
239,10068,39,1,7980,7980
240,10068,46,1,1480,1480
241,10069,12,1,2480,2480
242,10069,16,1,1980,1980
243,10070,4,3,2480,7440
244,10070,8,1,1680,1680
245,10071,16,1,1980,1980
246,10071,14,1,1780,1780
247,10071,6,1,3480,3480
248,10071,29,2,1780,3560
249,10072,50,2,1580,3160
250,10072,13,2,3680,7360
251,10073,7,1,5980,5980
252,10073,24,1,2580,2580
253,10073,5,1,1980,1980
254,10073,16,3,1980,5940
255,10073,30,1,980,980
256,10073,12,1,2480,2480
257,10074,8,1,1680,1680
258,10074,4,1,2480,2480
259,10074,27,2,1480,2960
260,10074,35,1,1180,1180
261,10074,22,2,2280,4560
262,10074,2,1,3280,3280
263,10075,29,1,1780,1780
264,10075,31,2,2180,4360
265,10076,34,1,1480,1480
266,10076,8,1,1680,1680
267,10077,22,1,2280,2280
268,10077,23,1,1980,1980
269,10078,45,1,2680,2680
270,10078,12,1,2480,2480
271,10078,14,2,1780,3560
272,10078,26,1,1580,1580
273,10079,18,2,2180,4360
274,10079,4,1,2480,2480
275,10080,39,2,7980,15960
276,10080,46,1,1480,1480
277,10081,31,1,2180,2180
278,10081,33,2,1580,3160
279,10081,29,2,1780,3560
280,10081,5,1,1980,1980
281,10082,18,1,2180,2180
282,10082,30,1,980,980
283,10082,29,1,1780,1780
284,10082,44,1,1680,1680
285,10083,14,1,1780,1780
286,10083,20,1,2880,2880
287,10083,7,2,5980,11960
288,10083,12,1,2480,2480
289,10084,1,1,2980,2980
290,10084,2,3,3280,9840
291,10085,2,1,3280,3280
292,10085,20,1,2880,2880
293,10086,46,1,1480,1480
294,10086,6,1,3480,3480
295,10086,23,1,1980,1980
296,10086,5,1,1980,1980
297,10087,1,1,2980,2980
298,10087,45,1,2680,2680
299,10087,2,1,3280,3280
300,10087,31,1,2180,2180
301,10087,3,1,4980,4980
302,10087,12,1,2480,2480
303,10087,6,1,3480,3480
304,10087,9,1,1880,1880
305,10088,21,1,1680,1680
306,10088,23,1,1980,1980
307,10089,8,1,1680,1680
308,10089,22,1,2280,2280
309,10089,3,1,4980,4980
310,10089,48,2,1880,3760
311,10089,34,3,1480,4440
312,10089,11,1,3980,3980
313,10090,34,1,1480,1480
314,10090,30,2,980,1960
315,10090,28,2,3480,6960
316,10090,21,2,1680,3360
317,10091,3,2,4980,9960
318,10091,18,1,2180,2180
319,10091,6,1,3480,3480
320,10091,39,1,7980,7980
321,10091,21,2,1680,3360
322,10091,32,1,1280,1280
323,10092,40,2,5480,10960
324,10092,2,1,3280,3280
325,10092,45,1,2680,2680
326,10092,16,1,1980,1980
327,10093,29,3,1780,5340
328,10093,35,2,1180,2360
329,10094,26,1,1580,1580
330,10094,41,1,1980,1980
331,10094,23,1,1980,1980
332,10094,11,2,3980,7960
333,10094,6,1,3480,3480
334,10094,7,1,5980,5980
335,10095,41,1,1980,1980
336,10095,24,1,2580,2580
337,10095,32,1,1280,1280
338,10095,31,2,2180,4360
339,10096,36,1,780,780
340,10096,3,1,4980,4980
341,10096,25,1,1880,1880
342,10096,39,1,7980,7980
343,10096,45,3,2680,8040
344,10096,12,1,2480,2480
345,10097,22,1,2280,2280
346,10097,23,1,1980,1980
347,10098,41,1,1980,1980
348,10098,11,1,3980,3980
349,10099,1,1,2980,2980
350,10099,20,3,2880,8640
351,10099,31,1,2180,2180
352,10099,16,2,1980,3960
353,10099,5,3,1980,5940
354,10099,11,2,3980,7960
355,10100,15,1,3280,3280
356,10100,40,1,5480,5480
357,10100,29,1,1780,1780
358,10100,42,2,2980,5960
359,10100,2,2,3280,6560
360,10100,34,2,1480,2960
361,10100,39,2,7980,15960
362,10100,1,1,2980,2980
363,10101,39,1,7980,7980
364,10101,21,3,1680,5040
365,10101,6,1,3480,3480
366,10101,15,2,3280,6560
367,10101,19,1,1580,1580
368,10101,1,1,2980,2980
369,10102,11,1,3980,3980
370,10102,6,2,3480,6960
371,10103,4,1,2480,2480
372,10103,3,2,4980,9960
373,10103,7,2,5980,11960
374,10103,24,1,2580,2580
375,10104,33,1,1580,1580
376,10104,38,1,3280,3280
377,10104,24,1,2580,2580
378,10104,46,1,1480,1480
379,10105,21,2,1680,3360
380,10105,39,2,7980,15960
381,10106,6,1,3480,3480
382,10106,3,1,4980,4980
383,10106,11,2,3980,7960
384,10106,9,1,1880,1880
385,10106,29,2,1780,3560
386,10106,1,1,2980,2980
387,10107,32,1,1280,1280
388,10107,6,1,3480,3480
389,10108,29,3,1780,5340
390,10108,31,1,2180,2180
391,10109,5,1,1980,1980
392,10109,21,1,1680,1680
393,10109,50,1,1580,1580
394,10109,22,1,2280,2280
395,10110,3,1,4980,4980
396,10110,10,1,4280,4280
397,10111,23,1,1980,1980
398,10111,43,1,3480,3480
399,10111,7,1,5980,5980
400,10111,48,1,1880,1880
401,10112,4,1,2480,2480
402,10112,26,1,1580,1580
403,10113,27,1,1480,1480
404,10113,26,2,1580,3160
405,10114,11,2,3980,7960
406,10114,22,1,2280,2280
407,10114,41,2,1980,3960
408,10114,7,1,5980,5980
409,10115,27,1,1480,1480
410,10115,43,1,3480,3480
411,10115,22,1,2280,2280
412,10115,21,1,1680,1680
413,10115,11,1,3980,3980
414,10115,44,1,1680,1680
415,10116,3,1,4980,4980
416,10116,44,1,1680,1680
417,10116,28,1,3480,3480
418,10116,2,2,3280,6560
419,10117,3,3,4980,14940
420,10117,10,2,4280,8560
421,10118,6,1,3480,3480
422,10118,2,2,3280,6560
423,10118,16,1,1980,1980
424,10118,8,1,1680,1680
425,10119,29,1,1780,1780
426,10119,33,1,1580,1580
427,10119,16,1,1980,1980
428,10119,21,1,1680,1680
429,10120,3,1,4980,4980
430,10120,11,1,3980,3980
431,10120,2,1,3280,3280
432,10120,18,1,2180,2180
433,10121,6,2,3480,6960
434,10121,12,1,2480,2480
435,10121,4,1,2480,2480
436,10121,3,1,4980,4980
437,10121,2,1,3280,3280
438,10121,34,1,1480,1480
439,10122,15,1,3280,3280
440,10122,31,1,2180,2180
441,10123,18,1,2180,2180
442,10123,29,1,1780,1780
443,10123,3,1,4980,4980
444,10123,11,1,3980,3980
445,10124,21,1,1680,1680
446,10124,26,1,1580,1580
447,10125,6,2,3480,6960
448,10125,10,1,4280,4280
449,10126,21,1,1680,1680
450,10126,6,2,3480,6960
451,10126,25,1,1880,1880
452,10126,40,1,5480,5480
453,10127,2,1,3280,3280
454,10127,4,1,2480,2480
455,10127,25,2,1880,3760
456,10127,37,1,1380,1380
457,10127,34,1,1480,1480
458,10127,28,1,3480,3480
459,10128,13,1,3680,3680
460,10128,23,1,1980,1980
461,10129,36,1,780,780
462,10129,15,1,3280,3280
463,10130,21,1,1680,1680
464,10130,37,1,1380,1380
465,10130,22,3,2280,6840
466,10130,40,1,5480,5480
467,10130,13,1,3680,3680
468,10130,41,2,1980,3960
469,10130,33,1,1580,1580
470,10130,31,1,2180,2180
471,10131,37,1,1380,1380
472,10131,33,1,1580,1580
473,10132,24,2,2580,5160
474,10132,25,1,1880,1880
475,10132,20,1,2880,2880
476,10132,40,2,5480,10960
477,10133,12,1,2480,2480
478,10133,1,1,2980,2980
479,10133,30,1,980,980
480,10133,27,1,1480,1480
481,10134,32,1,1280,1280
482,10134,11,1,3980,3980
483,10134,8,1,1680,1680
484,10134,9,1,1880,1880
485,10135,48,1,1880,1880
486,10135,15,1,3280,3280
487,10135,33,2,1580,3160
488,10135,24,1,2580,2580
489,10136,21,1,1680,1680
490,10136,12,1,2480,2480
491,10137,26,1,1580,1580
492,10137,32,1,1280,1280
493,10138,49,1,1280,1280
494,10138,11,2,3980,7960
495,10138,34,2,1480,2960
496,10138,3,1,4980,4980
497,10139,41,1,1980,1980
498,10139,32,1,1280,1280
499,10139,25,1,1880,1880
500,10139,29,3,1780,5340
501,10139,21,1,1680,1680
502,10139,48,1,1880,1880
503,10140,39,1,7980,7980
504,10140,46,1,1480,1480
505,10141,48,1,1880,1880
506,10141,8,1,1680,1680
507,10141,29,1,1780,1780
508,10141,3,3,4980,14940
509,10142,11,1,3980,3980
510,10142,44,1,1680,1680
511,10143,5,1,1980,1980
512,10143,9,1,1880,1880
513,10144,49,1,1280,1280
514,10144,15,1,3280,3280
515,10144,34,1,1480,1480
516,10144,31,1,2180,2180
517,10145,17,1,1280,1280
518,10145,25,1,1880,1880
519,10145,11,1,3980,3980
520,10145,36,1,780,780
521,10146,21,1,1680,1680
522,10146,3,1,4980,4980
523,10147,41,1,1980,1980
524,10147,38,1,3280,3280
525,10147,44,2,1680,3360
526,10147,16,1,1980,1980
527,10148,21,1,1680,1680
528,10148,23,3,1980,5940
529,10149,16,2,1980,3960
530,10149,44,1,1680,1680
531,10149,36,1,780,780
532,10149,11,1,3980,3980
533,10150,16,1,1980,1980
534,10150,13,1,3680,3680
535,10150,24,1,2580,2580
536,10150,34,1,1480,1480
537,10150,6,1,3480,3480
538,10150,33,2,1580,3160
539,10151,41,1,1980,1980
540,10151,4,2,2480,4960
541,10151,8,1,1680,1680
542,10151,18,2,2180,4360
543,10151,24,1,2580,2580
544,10151,9,1,1880,1880
545,10152,23,1,1980,1980
546,10152,7,1,5980,5980
547,10153,40,1,5480,5480
548,10153,18,1,2180,2180
549,10154,2,1,3280,3280
550,10154,12,1,2480,2480
551,10154,8,1,1680,1680
552,10154,30,1,980,980
553,10155,3,1,4980,4980
554,10155,15,2,3280,6560
555,10156,43,1,3480,3480
556,10156,18,3,2180,6540
557,10156,34,3,1480,4440
558,10156,1,1,2980,2980
559,10157,3,1,4980,4980
560,10157,11,1,3980,3980
561,10158,50,1,1580,1580
562,10158,30,3,980,2940
563,10159,21,2,1680,3360
564,10159,2,2,3280,6560
565,10160,29,2,1780,3560
566,10160,32,1,1280,1280
567,10161,1,1,2980,2980
568,10161,40,1,5480,5480
569,10161,35,1,1180,1180
570,10161,13,2,3680,7360
571,10162,48,1,1880,1880
572,10162,34,2,1480,2960
573,10162,21,2,1680,3360
574,10162,25,1,1880,1880
575,10163,3,2,4980,9960
576,10163,29,1,1780,1780
577,10164,35,2,1180,2360
578,10164,6,1,3480,3480
579,10164,24,3,2580,7740
580,10164,36,1,780,780
581,10164,27,1,1480,1480
582,10164,29,1,1780,1780
583,10165,11,1,3980,3980
584,10165,12,2,2480,4960
585,10165,6,1,3480,3480
586,10165,23,1,1980,1980
587,10165,27,1,1480,1480
588,10165,36,1,780,780
589,10165,19,1,1580,1580
590,10165,37,2,1380,2760
591,10166,7,3,5980,17940
592,10166,18,1,2180,2180
593,10167,42,1,2980,2980
594,10167,15,2,3280,6560
595,10167,7,1,5980,5980
596,10167,30,2,980,1960
597,10167,1,1,2980,2980
598,10167,34,3,1480,4440
599,10167,14,3,1780,5340
600,10167,36,1,780,780
601,10168,15,1,3280,3280
602,10168,30,1,980,980
603,10168,12,2,2480,4960
604,10168,4,1,2480,2480
605,10169,11,1,3980,3980
606,10169,16,1,1980,1980
607,10169,6,1,3480,3480
608,10169,21,1,1680,1680
609,10170,4,1,2480,2480
610,10170,15,1,3280,3280
611,10170,23,1,1980,1980
612,10170,31,1,2180,2180
613,10171,4,3,2480,7440
614,10171,8,1,1680,1680
615,10172,3,1,4980,4980
616,10172,7,1,5980,5980
617,10173,3,1,4980,4980
618,10173,10,3,4280,12840
619,10174,5,1,1980,1980
620,10174,35,2,1180,2360
621,10174,39,1,7980,7980
622,10174,14,2,1780,3560
623,10174,22,1,2280,2280
624,10174,6,2,3480,6960
625,10175,39,1,7980,7980
626,10175,14,2,1780,3560
627,10175,36,1,780,780
628,10175,5,1,1980,1980
629,10176,30,1,980,980
630,10176,1,1,2980,2980
631,10176,34,1,1480,1480
632,10176,2,1,3280,3280
633,10177,22,1,2280,2280
634,10177,23,1,1980,1980
635,10178,2,2,3280,6560
636,10178,4,2,2480,4960
637,10178,3,1,4980,4980
638,10178,23,1,1980,1980
639,10178,5,2,1980,3960
640,10178,29,2,1780,3560
641,10178,10,1,4280,4280
642,10178,49,1,1280,1280
643,10179,47,1,1280,1280
644,10179,41,2,1980,3960
645,10180,6,1,3480,3480
646,10180,2,2,3280,6560
647,10180,47,1,1280,1280
648,10180,11,1,3980,3980
649,10181,8,1,1680,1680
650,10181,5,1,1980,1980
651,10182,15,1,3280,3280
652,10182,11,1,3980,3980
653,10182,1,2,2980,5960
654,10182,8,1,1680,1680
655,10182,37,1,1380,1380
656,10182,20,2,2880,5760
657,10183,6,1,3480,3480
658,10183,20,1,2880,2880
659,10183,21,2,1680,3360
660,10183,13,2,3680,7360
661,10183,10,2,4280,8560
662,10183,15,1,3280,3280
663,10183,3,1,4980,4980
664,10183,35,1,1180,1180
665,10184,30,1,980,980
666,10184,29,1,1780,1780
667,10184,3,1,4980,4980
668,10184,49,1,1280,1280
669,10185,30,3,980,2940
670,10185,5,2,1980,3960
671,10185,20,1,2880,2880
672,10185,3,2,4980,9960
673,10185,14,1,1780,1780
674,10185,34,1,1480,1480
675,10185,23,1,1980,1980
676,10185,8,2,1680,3360
677,10186,43,1,3480,3480
678,10186,44,1,1680,1680
679,10187,22,1,2280,2280
680,10187,30,1,980,980
681,10188,21,1,1680,1680
682,10188,23,1,1980,1980
683,10189,50,1,1580,1580
684,10189,20,2,2880,5760
685,10189,10,1,4280,4280
686,10189,1,1,2980,2980
687,10190,11,1,3980,3980
688,10190,5,1,1980,1980
689,10190,31,2,2180,4360
690,10190,12,1,2480,2480
691,10191,21,1,1680,1680
692,10191,23,1,1980,1980
693,10192,31,1,2180,2180
694,10192,45,1,2680,2680
695,10192,14,1,1780,1780
696,10192,8,1,1680,1680
697,10193,15,1,3280,3280
698,10193,14,1,1780,1780
699,10193,29,1,1780,1780
700,10193,41,1,1980,1980
701,10194,24,3,2580,7740
702,10194,39,1,7980,7980
703,10195,6,2,3480,6960
704,10195,19,1,1580,1580
705,10196,44,1,1680,1680
706,10196,5,2,1980,3960
707,10197,23,1,1980,1980
708,10197,17,1,1280,1280
709,10197,3,1,4980,4980
710,10197,24,1,2580,2580
711,10198,5,1,1980,1980
712,10198,9,2,1880,3760
713,10199,48,1,1880,1880
714,10199,1,1,2980,2980
715,10200,22,2,2280,4560
716,10200,12,2,2480,4960
717,10200,32,2,1280,2560
718,10200,21,1,1680,1680
719,10201,11,2,3980,7960
720,10201,13,1,3680,3680
721,10202,46,1,1480,1480
722,10202,14,1,1780,1780
723,10203,3,1,4980,4980
724,10203,49,1,1280,1280
725,10204,29,2,1780,3560
726,10204,31,1,2180,2180
727,10205,9,1,1880,1880
728,10205,24,2,2580,5160
729,10205,33,1,1580,1580
730,10205,44,1,1680,1680
731,10205,6,1,3480,3480
732,10205,18,1,2180,2180
733,10206,11,1,3980,3980
734,10206,3,2,4980,9960
735,10207,8,1,1680,1680
736,10207,23,1,1980,1980
737,10207,11,1,3980,3980
738,10207,48,1,1880,1880
739,10208,5,1,1980,1980
740,10208,50,2,1580,3160
741,10208,15,2,3280,6560
742,10208,24,1,2580,2580
743,10209,17,1,1280,1280
744,10209,9,1,1880,1880
745,10209,19,1,1580,1580
746,10209,18,2,2180,4360
747,10210,22,3,2280,6840
748,10210,23,1,1980,1980
749,10211,45,1,2680,2680
750,10211,37,1,1380,1380
751,10211,15,2,3280,6560
752,10211,20,1,2880,2880
753,10212,6,3,3480,10440
754,10212,3,1,4980,4980
755,10213,31,2,2180,4360
756,10213,32,1,1280,1280
757,10214,36,1,780,780
758,10214,32,1,1280,1280
759,10215,44,2,1680,3360
760,10215,32,1,1280,1280
761,10215,6,1,3480,3480
762,10215,2,3,3280,9840
763,10215,37,1,1380,1380
764,10215,13,2,3680,7360
765,10216,11,1,3980,3980
766,10216,7,1,5980,5980
767,10217,29,1,1780,1780
768,10217,28,1,3480,3480
769,10218,13,1,3680,3680
770,10218,29,1,1780,1780
771,10219,6,2,3480,6960
772,10219,5,1,1980,1980
773,10219,3,1,4980,4980
774,10219,1,1,2980,2980
775,10219,10,1,4280,4280
776,10219,11,1,3980,3980
777,10220,46,2,1480,2960
778,10220,49,1,1280,1280
779,10220,29,1,1780,1780
780,10220,3,1,4980,4980
781,10220,45,1,2680,2680
782,10220,11,1,3980,3980
783,10221,34,1,1480,1480
784,10221,2,1,3280,3280
785,10221,20,1,2880,2880
786,10221,46,3,1480,4440
787,10222,31,1,2180,2180
788,10222,16,1,1980,1980
789,10223,25,1,1880,1880
790,10223,46,1,1480,1480
791,10224,11,1,3980,3980
792,10224,13,1,3680,3680
793,10225,21,1,1680,1680
794,10225,23,1,1980,1980
795,10226,7,1,5980,5980
796,10226,50,1,1580,1580
797,10227,41,1,1980,1980
798,10227,40,1,5480,5480
799,10227,29,1,1780,1780
800,10227,34,1,1480,1480
801,10227,5,1,1980,1980
802,10227,17,1,1280,1280
803,10228,32,1,1280,1280
804,10228,16,1,1980,1980
805,10229,33,2,1580,3160
806,10229,50,1,1580,1580
807,10229,13,1,3680,3680
808,10229,25,1,1880,1880
809,10230,16,1,1980,1980
810,10230,25,1,1880,1880
811,10230,1,1,2980,2980
812,10230,30,1,980,980
813,10230,8,2,1680,3360
814,10230,12,1,2480,2480
815,10231,4,1,2480,2480
816,10231,8,2,1680,3360
817,10232,3,1,4980,4980
818,10232,10,1,4280,4280
819,10233,18,1,2180,2180
820,10233,12,1,2480,2480
821,10233,19,3,1580,4740
822,10233,11,1,3980,3980
823,10234,14,1,1780,1780
824,10234,22,1,2280,2280
825,10234,21,1,1680,1680
826,10234,40,1,5480,5480
827,10235,2,1,3280,3280
828,10235,41,1,1980,1980
829,10235,21,1,1680,1680
830,10235,8,1,1680,1680
831,10236,3,1,4980,4980
832,10236,11,1,3980,3980
833,10236,21,2,1680,3360
834,10236,29,2,1780,3560
835,10237,15,1,3280,3280
836,10237,26,1,1580,1580
837,10237,9,2,1880,3760
838,10237,33,1,1580,1580
839,10237,28,1,3480,3480
840,10237,11,1,3980,3980
841,10238,14,1,1780,1780
842,10238,30,2,980,1960
843,10239,15,1,3280,3280
844,10239,10,1,4280,4280
845,10239,3,1,4980,4980
846,10239,5,1,1980,1980
847,10240,44,1,1680,1680
848,10240,8,1,1680,1680
849,10240,34,2,1480,2960
850,10240,3,1,4980,4980
851,10240,5,1,1980,1980
852,10240,1,1,2980,2980
853,10241,37,1,1380,1380
854,10241,13,1,3680,3680
855,10241,26,1,1580,1580
856,10241,14,1,1780,1780
857,10242,3,1,4980,4980
858,10242,17,1,1280,1280
859,10242,41,1,1980,1980
860,10242,6,1,3480,3480
861,10243,15,1,3280,3280
862,10243,45,2,2680,5360
863,10243,30,1,980,980
864,10243,5,1,1980,1980
865,10244,30,1,980,980
866,10244,35,3,1180,3540
867,10245,3,1,4980,4980
868,10245,12,2,2480,4960
869,10246,3,1,4980,4980
870,10246,10,1,4280,4280
871,10247,3,1,4980,4980
872,10247,21,1,1680,1680
873,10248,30,1,980,980
874,10248,7,1,5980,5980
875,10249,1,1,2980,2980
876,10249,27,1,1480,1480
877,10249,9,1,1880,1880
878,10249,36,2,780,1560
879,10250,36,2,780,1560
880,10250,14,1,1780,1780
881,10251,7,1,5980,5980
882,10251,4,1,2480,2480
883,10251,1,3,2980,8940
884,10251,49,1,1280,1280
885,10251,22,1,2280,2280
886,10251,13,2,3680,7360
887,10252,16,2,1980,3960
888,10252,34,2,1480,2960
889,10252,24,1,2580,2580
890,10252,7,1,5980,5980
891,10253,4,1,2480,2480
892,10253,31,1,2180,2180
893,10253,43,1,3480,3480
894,10253,45,1,2680,2680
895,10253,30,2,980,1960
896,10253,3,1,4980,4980
897,10254,42,2,2980,5960
898,10254,33,3,1580,4740
899,10254,1,2,2980,5960
900,10254,16,1,1980,1980
901,10255,5,1,1980,1980
902,10255,44,1,1680,1680
903,10255,11,1,3980,3980
904,10255,50,1,1580,1580
905,10256,42,1,2980,2980
906,10256,47,1,1280,1280
907,10257,7,1,5980,5980
908,10257,36,1,780,780
909,10257,24,1,2580,2580
910,10257,21,1,1680,1680
911,10258,35,1,1180,1180
912,10258,16,1,1980,1980
913,10258,41,1,1980,1980
914,10258,50,1,1580,1580
915,10259,46,1,1480,1480
916,10259,21,2,1680,3360
917,10259,15,1,3280,3280
918,10259,8,1,1680,1680
919,10259,37,1,1380,1380
920,10259,2,1,3280,3280
921,10259,36,1,780,780
922,10259,9,1,1880,1880
923,10260,3,1,4980,4980
924,10260,24,1,2580,2580
925,10261,1,2,2980,5960
926,10261,4,2,2480,4960
927,10261,8,1,1680,1680
928,10261,17,1,1280,1280
929,10261,10,1,4280,4280
930,10261,36,1,780,780
931,10262,50,1,1580,1580
932,10262,34,1,1480,1480
933,10263,15,1,3280,3280
934,10263,20,1,2880,2880
935,10264,1,1,2980,2980
936,10264,20,1,2880,2880
937,10264,14,1,1780,1780
938,10264,3,1,4980,4980
939,10264,7,1,5980,5980
940,10264,48,3,1880,5640
941,10265,8,1,1680,1680
942,10265,4,3,2480,7440
943,10266,39,1,7980,7980
944,10266,36,1,780,780
945,10266,40,1,5480,5480
946,10266,12,1,2480,2480
947,10267,21,1,1680,1680
948,10267,23,1,1980,1980
949,10268,39,1,7980,7980
950,10268,8,1,1680,1680
951,10268,41,1,1980,1980
952,10268,43,2,3480,6960
953,10268,18,1,2180,2180
954,10268,49,3,1280,3840
955,10269,48,2,1880,3760
956,10269,1,1,2980,2980
957,10269,15,1,3280,3280
958,10269,9,2,1880,3760
959,10270,1,1,2980,2980
960,10270,9,3,1880,5640
961,10271,15,1,3280,3280
962,10271,12,1,2480,2480
963,10272,13,3,3680,11040
964,10272,6,1,3480,3480
965,10272,8,1,1680,1680
966,10272,14,1,1780,1780
967,10273,3,2,4980,9960
968,10273,11,1,3980,3980
969,10273,9,1,1880,1880
970,10273,25,1,1880,1880
971,10274,29,3,1780,5340
972,10274,15,1,3280,3280
973,10275,18,1,2180,2180
974,10275,11,2,3980,7960
975,10276,8,1,1680,1680
976,10276,20,1,2880,2880
977,10276,3,1,4980,4980
978,10276,26,1,1580,1580
979,10276,4,2,2480,4960
980,10276,12,1,2480,2480
981,10277,10,2,4280,8560
982,10277,39,1,7980,7980
983,10278,21,1,1680,1680
984,10278,5,1,1980,1980
985,10279,17,1,1280,1280
986,10279,24,1,2580,2580
987,10280,36,3,780,2340
988,10280,34,1,1480,1480
989,10280,17,1,1280,1280
990,10280,4,2,2480,4960
991,10281,15,1,3280,3280
992,10281,36,1,780,780
993,10282,45,1,2680,2680
994,10282,33,1,1580,1580
995,10283,19,2,1580,3160
996,10283,5,1,1980,1980
997,10283,16,2,1980,3960
998,10283,14,1,1780,1780
999,10283,1,2,2980,5960
1000,10283,30,1,980,980
1001,10284,41,1,1980,1980
1002,10284,18,1,2180,2180
1003,10284,43,1,3480,3480
1004,10284,2,1,3280,3280
1005,10285,32,1,1280,1280
1006,10285,20,1,2880,2880
1007,10285,8,1,1680,1680
1008,10285,3,1,4980,4980
1009,10286,5,1,1980,1980
1010,10286,18,3,2180,6540
1011,10287,24,1,2580,2580
1012,10287,1,1,2980,2980
1013,10287,2,3,3280,9840
1014,10287,11,1,3980,3980
1015,10288,13,1,3680,3680
1016,10288,32,1,1280,1280
1017,10288,5,1,1980,1980
1018,10288,17,1,1280,1280
1019,10289,8,1,1680,1680
1020,10289,47,2,1280,2560
1021,10290,23,1,1980,1980
1022,10290,14,1,1780,1780
1023,10290,40,1,5480,5480
1024,10290,9,1,1880,1880
1025,10291,48,1,1880,1880
1026,10291,31,1,2180,2180
1027,10292,41,1,1980,1980
1028,10292,29,1,1780,1780
1029,10293,46,1,1480,1480
1030,10293,22,2,2280,4560
1031,10293,37,1,1380,1380
1032,10293,16,1,1980,1980
1033,10294,9,2,1880,3760
1034,10294,49,1,1280,1280
1035,10294,3,1,4980,4980
1036,10294,11,1,3980,3980
1037,10294,46,1,1480,1480
1038,10294,17,1,1280,1280
1039,10295,39,1,7980,7980
1040,10295,4,1,2480,2480
1041,10296,22,1,2280,2280
1042,10296,10,2,4280,8560
1043,10296,19,2,1580,3160
1044,10296,13,1,3680,3680
1045,10296,3,1,4980,4980
1046,10296,40,1,5480,5480
1047,10297,47,1,1280,1280
1048,10297,32,1,1280,1280
1049,10297,49,1,1280,1280
1050,10297,9,1,1880,1880
1051,10298,10,2,4280,8560
1052,10298,17,2,1280,2560
1053,10299,3,2,4980,9960
1054,10299,37,2,1380,2760
1055,10299,45,2,2680,5360
1056,10299,29,2,1780,3560
1057,10300,21,1,1680,1680
1058,10300,1,1,2980,2980
1059,10300,2,1,3280,3280
1060,10300,3,1,4980,4980
1061,10301,13,2,3680,7360
1062,10301,26,2,1580,3160
1063,10301,47,1,1280,1280
1064,10301,23,1,1980,1980
1065,10301,7,2,5980,11960
1066,10301,11,1,3980,3980
1067,10302,39,1,7980,7980
1068,10302,46,3,1480,4440
1069,10303,29,2,1780,3560
1070,10303,23,1,1980,1980
1071,10303,12,1,2480,2480
1072,10303,34,1,1480,1480
1073,10304,32,1,1280,1280
1074,10304,39,1,7980,7980
1075,10304,23,1,1980,1980
1076,10304,50,1,1580,1580
1077,10304,3,1,4980,4980
1078,10304,7,1,5980,5980
1079,10305,7,2,5980,11960
1080,10305,39,1,7980,7980
1081,10306,14,1,1780,1780
1082,10306,39,1,7980,7980
1083,10306,13,1,3680,3680
1084,10306,20,2,2880,5760
1085,10307,1,2,2980,5960
1086,10307,2,1,3280,3280
1087,10308,33,3,1580,4740
1088,10308,13,1,3680,3680
1089,10309,1,1,2980,2980
1090,10309,33,3,1580,4740
1091,10309,41,1,1980,1980
1092,10309,36,3,780,2340
1093,10310,3,2,4980,9960
1094,10310,26,1,1580,1580
1095,10310,6,1,3480,3480
1096,10310,1,2,2980,5960
1097,10311,18,1,2180,2180
1098,10311,20,2,2880,5760
1099,10312,4,1,2480,2480
1100,10312,8,1,1680,1680
1101,10313,14,1,1780,1780
1102,10313,2,1,3280,3280
1103,10314,21,1,1680,1680
1104,10314,11,3,3980,11940
1105,10314,12,1,2480,2480
1106,10314,1,1,2980,2980
1107,10315,21,1,1680,1680
1108,10315,26,1,1580,1580
1109,10316,17,1,1280,1280
1110,10316,11,2,3980,7960
1111,10317,39,1,7980,7980
1112,10317,46,1,1480,1480
1113,10318,25,2,1880,3760
1114,10318,23,1,1980,1980
1115,10318,1,1,2980,2980
1116,10318,45,1,2680,2680
1117,10319,48,1,1880,1880
1118,10319,15,1,3280,3280
1119,10320,22,1,2280,2280
1120,10320,23,1,1980,1980
1121,10321,6,1,3480,3480
1122,10321,3,1,4980,4980
1123,10321,11,1,3980,3980
1124,10321,30,1,980,980
1125,10322,16,3,1980,5940
1126,10322,5,1,1980,1980
1127,10322,4,1,2480,2480
1128,10322,21,1,1680,1680
1129,10322,29,2,1780,3560
1130,10322,32,2,1280,2560
1131,10323,47,1,1280,1280
1132,10323,29,2,1780,3560
1133,10324,22,3,2280,6840
1134,10324,12,1,2480,2480
1135,10324,44,1,1680,1680
1136,10324,18,2,2180,4360
1137,10325,29,1,1780,1780
1138,10325,24,1,2580,2580
1139,10326,16,1,1980,1980
1140,10326,20,1,2880,2880
1141,10326,29,1,1780,1780
1142,10326,3,1,4980,4980
1143,10327,15,2,3280,6560
1144,10327,42,1,2980,2980
1145,10327,3,2,4980,9960
1146,10327,1,1,2980,2980
1147,10328,1,2,2980,5960
1148,10328,31,3,2180,6540
1149,10329,1,1,2980,2980
1150,10329,9,1,1880,1880
1151,10329,36,1,780,780
1152,10329,2,1,3280,3280
1153,10330,45,2,2680,5360
1154,10330,11,1,3980,3980
1155,10330,2,1,3280,3280
1156,10330,35,1,1180,1180
1157,10330,49,1,1280,1280
1158,10330,8,3,1680,5040
1159,10331,25,2,1880,3760
1160,10331,2,1,3280,3280
1161,10331,28,1,3480,3480
1162,10331,35,1,1180,1180
1163,10331,44,1,1680,1680
1164,10331,15,2,3280,6560
1165,10331,26,1,1580,1580
1166,10331,30,1,980,980
1167,10332,21,2,1680,3360
1168,10332,28,1,3480,3480
1169,10332,1,3,2980,8940
1170,10332,38,1,3280,3280
1171,10333,26,1,1580,1580
1172,10333,2,1,3280,3280
1173,10334,5,2,1980,3960
1174,10334,13,1,3680,3680
1175,10334,48,1,1880,1880
1176,10334,21,1,1680,1680
1177,10335,31,1,2180,2180
1178,10335,27,2,1480,2960
1179,10335,15,1,3280,3280
1180,10335,18,1,2180,2180
1181,10335,6,1,3480,3480
1182,10335,19,1,1580,1580
1183,10336,1,1,2980,2980
1184,10336,7,1,5980,5980
1185,10336,33,2,1580,3160
1186,10336,5,1,1980,1980
1187,10336,6,1,3480,3480
1188,10336,44,1,1680,1680
1189,10337,21,2,1680,3360
1190,10337,47,1,1280,1280
1191,10338,33,1,1580,1580
1192,10338,32,1,1280,1280
1193,10339,4,1,2480,2480
1194,10339,13,1,3680,3680
1195,10340,24,1,2580,2580
1196,10340,4,1,2480,2480
1197,10340,10,3,4280,12840
1198,10340,40,2,5480,10960
1199,10340,11,1,3980,3980
1200,10340,16,1,1980,1980
1201,10341,26,2,1580,3160
1202,10341,24,1,2580,2580
1203,10341,5,1,1980,1980
1204,10341,17,1,1280,1280
1205,10341,11,3,3980,11940
1206,10341,18,2,2180,4360
1207,10342,3,1,4980,4980
1208,10342,23,1,1980,1980
1209,10343,5,2,1980,3960
1210,10343,30,1,980,980
1211,10343,34,1,1480,1480
1212,10343,32,3,1280,3840
1213,10343,9,1,1880,1880
1214,10343,50,1,1580,1580
1215,10344,19,1,1580,1580
1216,10344,46,1,1480,1480
1217,10345,4,1,2480,2480
1218,10345,8,1,1680,1680
1219,10346,5,1,1980,1980
1220,10346,30,2,980,1960
1221,10346,26,3,1580,4740
1222,10346,6,1,3480,3480
1223,10346,8,2,1680,3360
1224,10346,3,1,4980,4980
1225,10347,38,2,3280,6560
1226,10347,3,2,4980,9960
1227,10348,44,1,1680,1680
1228,10348,47,1,1280,1280
1229,10348,45,1,2680,2680
1230,10348,48,1,1880,1880
1231,10349,1,2,2980,5960
1232,10349,39,1,7980,7980
1233,10350,27,1,1480,1480
1234,10350,1,1,2980,2980
1235,10350,44,1,1680,1680
1236,10350,12,2,2480,4960
1237,10351,3,1,4980,4980
1238,10351,6,1,3480,3480
1239,10351,41,1,1980,1980
1240,10351,16,1,1980,1980
1241,10351,25,1,1880,1880
1242,10351,21,1,1680,1680
1243,10351,24,1,2580,2580
1244,10351,20,1,2880,2880
1245,10352,14,1,1780,1780
1246,10352,44,1,1680,1680
1247,10352,26,1,1580,1580
1248,10352,40,1,5480,5480
1249,10353,25,1,1880,1880
1250,10353,47,1,1280,1280
1251,10354,24,1,2580,2580
1252,10354,36,1,780,780
1253,10354,3,1,4980,4980
1254,10354,33,2,1580,3160
1255,10354,7,3,5980,17940
1256,10354,39,1,7980,7980
1257,10354,21,1,1680,1680
1258,10354,2,2,3280,6560
1259,10355,33,1,1580,1580
1260,10355,42,1,2980,2980
1261,10356,33,1,1580,1580
1262,10356,47,2,1280,2560
1263,10356,43,1,3480,3480
1264,10356,46,2,1480,2960
1265,10356,42,2,2980,5960
1266,10356,32,1,1280,1280
1267,10357,5,2,1980,3960
1268,10357,1,1,2980,2980
1269,10357,36,1,780,780
1270,10357,43,2,3480,6960
1271,10358,4,1,2480,2480
1272,10358,7,2,5980,11960
1273,10359,12,1,2480,2480
1274,10359,23,1,1980,1980
1275,10359,13,1,3680,3680
1276,10359,33,1,1580,1580
1277,10360,26,1,1580,1580
1278,10360,18,1,2180,2180
1279,10361,8,2,1680,3360
1280,10361,26,1,1580,1580
1281,10362,19,1,1580,1580
1282,10362,29,1,1780,1780
1283,10362,43,1,3480,3480
1284,10362,26,1,1580,1580
1285,10363,20,1,2880,2880
1286,10363,37,1,1380,1380
1287,10363,12,1,2480,2480
1288,10363,17,1,1280,1280
1289,10364,15,1,3280,3280
1290,10364,21,1,1680,1680
1291,10364,4,1,2480,2480
1292,10364,41,1,1980,1980
1293,10365,14,2,1780,3560
1294,10365,33,1,1580,1580
1295,10365,7,1,5980,5980
1296,10365,2,1,3280,3280
1297,10365,3,1,4980,4980
1298,10365,30,1,980,980
1299,10365,18,1,2180,2180
1300,10365,8,1,1680,1680
1301,10366,17,1,1280,1280
1302,10366,50,1,1580,1580
1303,10366,25,1,1880,1880
1304,10366,12,1,2480,2480
1305,10367,41,1,1980,1980
1306,10367,8,1,1680,1680
1307,10367,30,2,980,1960
1308,10367,1,1,2980,2980
1309,10367,46,1,1480,1480
1310,10367,50,1,1580,1580
1311,10367,48,1,1880,1880
1312,10367,24,1,2580,2580
1313,10368,2,1,3280,3280
1314,10368,33,1,1580,1580
1315,10368,12,1,2480,2480
1316,10368,5,3,1980,5940
1317,10369,1,2,2980,5960
1318,10369,43,1,3480,3480
1319,10369,21,1,1680,1680
1320,10369,15,1,3280,3280
1321,10370,5,1,1980,1980
1322,10370,12,1,2480,2480
1323,10371,19,1,1580,1580
1324,10371,39,1,7980,7980
1325,10372,8,2,1680,3360
1326,10372,5,1,1980,1980
1327,10372,4,1,2480,2480
1328,10372,23,1,1980,1980
1329,10372,15,1,3280,3280
1330,10372,2,1,3280,3280
1331,10373,2,1,3280,3280
1332,10373,5,2,1980,3960
1333,10373,45,2,2680,5360
1334,10373,23,3,1980,5940
1335,10374,44,1,1680,1680
1336,10374,11,2,3980,7960
1337,10374,26,3,1580,4740
1338,10374,28,2,3480,6960
1339,10375,19,1,1580,1580
1340,10375,2,3,3280,9840
1341,10375,15,1,3280,3280
1342,10375,48,1,1880,1880
1343,10376,3,2,4980,9960
1344,10376,47,1,1280,1280
1345,10377,12,1,2480,2480
1346,10377,33,2,1580,3160
1347,10377,34,2,1480,2960
1348,10377,41,1,1980,1980
1349,10377,21,1,1680,1680
1350,10377,30,2,980,1960
1351,10377,9,2,1880,3760
1352,10377,8,1,1680,1680
1353,10378,29,2,1780,3560
1354,10378,24,2,2580,5160
1355,10378,36,1,780,780
1356,10378,11,1,3980,3980
1357,10379,26,1,1580,1580
1358,10379,45,1,2680,2680
1359,10379,14,1,1780,1780
1360,10379,41,1,1980,1980
1361,10379,8,1,1680,1680
1362,10379,40,1,5480,5480
1363,10380,3,1,4980,4980
1364,10380,10,1,4280,4280
1365,10381,39,1,7980,7980
1366,10381,46,2,1480,2960
1367,10382,29,1,1780,1780
1368,10382,9,1,1880,1880
1369,10382,28,1,3480,3480
1370,10382,1,1,2980,2980
1371,10383,5,2,1980,3960
1372,10383,10,1,4280,4280
1373,10384,45,1,2680,2680
1374,10384,23,1,1980,1980
1375,10384,29,2,1780,3560
1376,10384,24,1,2580,2580
1377,10385,8,2,1680,3360
1378,10385,7,1,5980,5980
1379,10385,20,1,2880,2880
1380,10385,11,1,3980,3980
1381,10386,40,1,5480,5480
1382,10386,6,3,3480,10440
1383,10387,35,1,1180,1180
1384,10387,7,1,5980,5980
1385,10387,3,1,4980,4980
1386,10387,36,2,780,1560
1387,10388,37,1,1380,1380
1388,10388,16,1,1980,1980
1389,10389,46,1,1480,1480
1390,10389,2,1,3280,3280
1391,10389,36,1,780,780
1392,10389,7,1,5980,5980
1393,10389,13,1,3680,3680
1394,10389,24,1,2580,2580
1395,10390,24,1,2580,2580
1396,10390,2,1,3280,3280
1397,10390,37,3,1380,4140
1398,10390,21,1,1680,1680
1399,10391,41,1,1980,1980
1400,10391,9,1,1880,1880
1401,10391,37,1,1380,1380
1402,10391,19,1,1580,1580
1403,10392,29,2,1780,3560
1404,10392,3,1,4980,4980
1405,10393,37,2,1380,2760
1406,10393,12,1,2480,2480
1407,10393,8,1,1680,1680
1408,10393,15,1,3280,3280
1409,10394,31,1,2180,2180
1410,10394,15,1,3280,3280
1411,10394,11,1,3980,3980
1412,10394,5,1,1980,1980
1413,10395,13,1,3680,3680
1414,10395,21,1,1680,1680
1415,10396,7,2,5980,11960
1416,10396,2,1,3280,3280
1417,10396,16,1,1980,1980
1418,10396,23,1,1980,1980
1419,10396,12,2,2480,4960
1420,10396,22,2,2280,4560
1421,10397,3,1,4980,4980
1422,10397,10,1,4280,4280
1423,10398,31,3,2180,6540
1424,10398,15,1,3280,3280
1425,10398,23,1,1980,1980
1426,10398,25,1,1880,1880
1427,10398,7,1,5980,5980
1428,10398,12,2,2480,4960
1429,10398,46,1,1480,1480
1430,10398,20,2,2880,5760
1431,10399,41,3,1980,5940
1432,10399,1,2,2980,5960
1433,10399,20,1,2880,2880
1434,10399,23,1,1980,1980
1435,10399,47,1,1280,1280
1436,10399,39,1,7980,7980
1437,10400,43,2,3480,6960
1438,10400,10,1,4280,4280
1439,10400,48,1,1880,1880
1440,10400,8,1,1680,1680
1441,10401,31,1,2180,2180
1442,10401,37,2,1380,2760
1443,10402,4,1,2480,2480
1444,10402,8,1,1680,1680
1445,10403,49,1,1280,1280
1446,10403,20,3,2880,8640
1447,10404,9,1,1880,1880
1448,10404,30,1,980,980
1449,10404,48,1,1880,1880
1450,10404,34,2,1480,2960
1451,10405,12,2,2480,4960
1452,10405,49,2,1280,2560
1453,10405,5,2,1980,3960
1454,10405,42,1,2980,2980
1455,10405,33,1,1580,1580
1456,10405,17,1,1280,1280
1457,10406,12,2,2480,4960
1458,10406,11,1,3980,3980
1459,10407,16,1,1980,1980
1460,10407,17,1,1280,1280
1461,10407,43,1,3480,3480
1462,10407,2,1,3280,3280
1463,10407,13,1,3680,3680
1464,10407,15,1,3280,3280
1465,10408,19,1,1580,1580
1466,10408,3,1,4980,4980
1467,10408,44,2,1680,3360
1468,10408,30,1,980,980
1469,10408,24,1,2580,2580
1470,10408,7,1,5980,5980
1471,10408,39,1,7980,7980
1472,10408,35,2,1180,2360
1473,10409,23,1,1980,1980
1474,10409,41,1,1980,1980
1475,10409,19,1,1580,1580
1476,10409,3,1,4980,4980
1477,10410,12,1,2480,2480
1478,10410,50,1,1580,1580
1479,10411,22,2,2280,4560
1480,10411,3,1,4980,4980
1481,10411,16,1,1980,1980
1482,10411,14,1,1780,1780
1483,10411,34,1,1480,1480
1484,10411,24,2,2580,5160
1485,10412,1,2,2980,5960
1486,10412,16,1,1980,1980
1487,10412,13,1,3680,3680
1488,10412,8,1,1680,1680
1489,10413,2,1,3280,3280
1490,10413,34,2,1480,2960
1491,10413,32,2,1280,2560
1492,10413,11,1,3980,3980
1493,10413,50,1,1580,1580
1494,10413,3,2,4980,9960
1495,10413,12,1,2480,2480
1496,10413,23,1,1980,1980
1497,10414,22,2,2280,4560
1498,10414,23,2,1980,3960
1499,10415,15,1,3280,3280
1500,10415,48,1,1880,1880
1501,10415,24,1,2580,2580
1502,10415,22,1,2280,2280
1503,10415,31,1,2180,2180
1504,10415,3,1,4980,4980
1505,10415,32,1,1280,1280
1506,10415,11,2,3980,7960
1507,10416,36,1,780,780
1508,10416,16,1,1980,1980
1509,10416,9,2,1880,3760
1510,10416,30,1,980,980
1511,10416,49,3,1280,3840
1512,10416,1,1,2980,2980
1513,10417,36,1,780,780
1514,10417,15,1,3280,3280
1515,10418,5,1,1980,1980
1516,10418,3,1,4980,4980
1517,10419,11,1,3980,3980
1518,10419,25,2,1880,3760
1519,10419,6,1,3480,3480
1520,10419,41,2,1980,3960
1521,10420,30,1,980,980
1522,10420,15,1,3280,3280
1523,10420,6,1,3480,3480
1524,10420,23,1,1980,1980
1525,10421,7,2,5980,11960
1526,10421,48,1,1880,1880
1527,10421,6,1,3480,3480
1528,10421,36,1,780,780
1529,10421,23,2,1980,3960
1530,10421,11,2,3980,7960
1531,10422,1,1,2980,2980
1532,10422,8,2,1680,3360
1533,10422,2,1,3280,3280
1534,10422,23,1,1980,1980
1535,10423,27,1,1480,1480
1536,10423,34,1,1480,1480
1537,10423,6,3,3480,10440
1538,10423,46,2,1480,2960
1539,10424,3,1,4980,4980
1540,10424,10,1,4280,4280
1541,10425,45,1,2680,2680
1542,10425,44,1,1680,1680
1543,10425,11,1,3980,3980
1544,10425,14,1,1780,1780
1545,10426,5,1,1980,1980
1546,10426,23,1,1980,1980
1547,10426,2,1,3280,3280
1548,10426,38,1,3280,3280
1549,10426,30,2,980,1960
1550,10426,15,1,3280,3280
1551,10427,40,1,5480,5480
1552,10427,26,1,1580,1580
1553,10428,2,1,3280,3280
1554,10428,24,1,2580,2580
1555,10428,3,1,4980,4980
1556,10428,30,1,980,980
1557,10429,39,2,7980,15960
1558,10429,46,1,1480,1480
1559,10430,48,1,1880,1880
1560,10430,49,2,1280,2560
1561,10431,10,2,4280,8560
1562,10431,30,1,980,980
1563,10432,26,1,1580,1580
1564,10432,4,1,2480,2480
1565,10432,44,2,1680,3360
1566,10432,2,1,3280,3280
1567,10432,35,2,1180,2360
1568,10432,10,1,4280,4280
1569,10433,11,1,3980,3980
1570,10433,29,1,1780,1780
1571,10434,3,1,4980,4980
1572,10434,17,1,1280,1280
1573,10435,5,1,1980,1980
1574,10435,9,1,1880,1880
1575,10436,4,1,2480,2480
1576,10436,44,1,1680,1680
1577,10437,4,1,2480,2480
1578,10437,7,1,5980,5980
1579,10437,16,1,1980,1980
1580,10437,6,3,3480,10440
1581,10437,1,1,2980,2980
1582,10437,3,1,4980,4980
1583,10438,3,3,4980,14940
1584,10438,29,1,1780,1780
1585,10438,45,1,2680,2680
1586,10438,41,2,1980,3960
1587,10438,7,1,5980,5980
1588,10438,50,3,1580,4740
1589,10439,15,1,3280,3280
1590,10439,8,1,1680,1680
1591,10440,32,2,1280,2560
1592,10440,21,1,1680,1680
1593,10441,23,1,1980,1980
1594,10441,3,1,4980,4980
1595,10441,14,1,1780,1780
1596,10441,41,1,1980,1980
1597,10441,21,1,1680,1680
1598,10441,10,1,4280,4280
1599,10442,39,1,7980,7980
1600,10442,46,1,1480,1480
1601,10443,29,1,1780,1780
1602,10443,33,1,1580,1580
1603,10444,17,1,1280,1280
1604,10444,6,3,3480,10440
1605,10444,5,1,1980,1980
1606,10444,41,1,1980,1980
1607,10445,13,1,3680,3680
1608,10445,18,3,2180,6540
1609,10446,30,2,980,1960
1610,10446,37,1,1380,1380
1611,10446,33,1,1580,1580
1612,10446,46,1,1480,1480
1613,10447,26,1,1580,1580
1614,10447,9,1,1880,1880
1615,10448,1,1,2980,2980
1616,10448,16,1,1980,1980
1617,10448,27,1,1480,1480
1618,10448,4,2,2480,4960
1619,10449,12,3,2480,7440
1620,10449,24,1,2580,2580
1621,10450,3,1,4980,4980
1622,10450,11,1,3980,3980
1623,10450,5,1,1980,1980
1624,10450,26,1,1580,1580
1625,10450,48,1,1880,1880
1626,10450,21,3,1680,5040
1627,10451,23,1,1980,1980
1628,10451,29,3,1780,5340
1629,10451,12,2,2480,4960
1630,10451,41,3,1980,5940
1631,10452,1,2,2980,5960
1632,10452,2,1,3280,3280
1633,10453,28,1,3480,3480
1634,10453,17,1,1280,1280
1635,10454,34,1,1480,1480
1636,10454,26,1,1580,1580
1637,10455,41,2,1980,3960
1638,10455,25,1,1880,1880
1639,10455,1,1,2980,2980
1640,10455,31,1,2180,2180
1641,10456,26,1,1580,1580
1642,10456,1,1,2980,2980
1643,10456,3,1,4980,4980
1644,10456,30,1,980,980
1645,10456,20,1,2880,2880
1646,10456,28,1,3480,3480
1647,10456,17,1,1280,1280
1648,10456,22,1,2280,2280
1649,10457,10,2,4280,8560
1650,10457,23,3,1980,5940
1651,10458,5,1,1980,1980
1652,10458,9,1,1880,1880
1653,10459,3,2,4980,9960
1654,10459,39,1,7980,7980
1655,10460,3,1,4980,4980
1656,10460,43,2,3480,6960
1657,10460,2,1,3280,3280
1658,10460,28,1,3480,3480
1659,10460,21,1,1680,1680
1660,10460,35,2,1180,2360
1661,10460,12,2,2480,4960
1662,10460,29,2,1780,3560
1663,10461,11,1,3980,3980
1664,10461,25,2,1880,3760
1665,10462,2,1,3280,3280
1666,10462,34,1,1480,1480
1667,10463,29,1,1780,1780
1668,10463,31,1,2180,2180
1669,10464,5,1,1980,1980
1670,10464,40,1,5480,5480
1671,10465,46,1,1480,1480
1672,10465,24,1,2580,2580
1673,10465,22,1,2280,2280
1674,10465,12,1,2480,2480
1675,10466,13,2,3680,7360
1676,10466,8,1,1680,1680
1677,10466,1,1,2980,2980
1678,10466,26,3,1580,4740
1679,10467,47,1,1280,1280
1680,10467,7,2,5980,11960
1681,10468,8,3,1680,5040
1682,10468,26,1,1580,1580
1683,10468,4,1,2480,2480
1684,10468,35,3,1180,3540
1685,10468,44,1,1680,1680
1686,10468,15,1,3280,3280
1687,10468,18,1,2180,2180
1688,10468,41,1,1980,1980
1689,10469,12,1,2480,2480
1690,10469,24,1,2580,2580
1691,10470,30,1,980,980
1692,10470,6,1,3480,3480
1693,10470,26,1,1580,1580
1694,10470,1,1,2980,2980
1695,10470,41,1,1980,1980
1696,10470,21,1,1680,1680
1697,10471,3,1,4980,4980
1698,10471,24,1,2580,2580
1699,10471,23,1,1980,1980
1700,10471,30,1,980,980
1701,10471,5,1,1980,1980
1702,10471,1,3,2980,8940
1703,10471,12,1,2480,2480
1704,10471,11,1,3980,3980
1705,10472,18,1,2180,2180
1706,10472,35,1,1180,1180
1707,10472,47,1,1280,1280
1708,10472,11,1,3980,3980
1709,10473,5,1,1980,1980
1710,10473,9,1,1880,1880
1711,10474,19,1,1580,1580
1712,10474,42,1,2980,2980
1713,10474,2,1,3280,3280
1714,10474,32,1,1280,1280
1715,10474,14,1,1780,1780
1716,10474,31,1,2180,2180
1717,10475,29,1,1780,1780
1718,10475,18,2,2180,4360
1719,10475,27,1,1480,1480
1720,10475,3,1,4980,4980
1721,10475,24,1,2580,2580
1722,10475,16,1,1980,1980
1723,10476,31,1,2180,2180
1724,10476,22,1,2280,2280
1725,10477,5,3,1980,5940
1726,10477,1,1,2980,2980
1727,10477,16,1,1980,1980
1728,10477,41,1,1980,1980
1729,10477,50,1,1580,1580
1730,10477,43,1,3480,3480
1731,10478,42,1,2980,2980
1732,10478,6,1,3480,3480
1733,10479,43,2,3480,6960
1734,10479,17,1,1280,1280
1735,10479,21,2,1680,3360
1736,10479,36,1,780,780
1737,10480,23,2,1980,3960
1738,10480,1,1,2980,2980
1739,10481,32,1,1280,1280
1740,10481,7,1,5980,5980
1741,10482,6,2,3480,6960
1742,10482,2,1,3280,3280
1743,10482,11,1,3980,3980
1744,10482,45,1,2680,2680
1745,10482,12,1,2480,2480
1746,10482,43,1,3480,3480
1747,10482,3,1,4980,4980
1748,10482,35,1,1180,1180
1749,10483,21,1,1680,1680
1750,10483,45,2,2680,5360
1751,10483,36,2,780,1560
1752,10483,33,2,1580,3160
1753,10484,39,2,7980,15960
1754,10484,46,1,1480,1480
1755,10485,4,1,2480,2480
1756,10485,44,2,1680,3360
1757,10485,30,2,980,1960
1758,10485,5,1,1980,1980
1759,10486,27,1,1480,1480
1760,10486,8,1,1680,1680
1761,10486,18,1,2180,2180
1762,10486,3,1,4980,4980
1763,10487,12,1,2480,2480
1764,10487,2,1,3280,3280
1765,10487,33,2,1580,3160
1766,10487,29,1,1780,1780
1767,10488,1,1,2980,2980
1768,10488,40,1,5480,5480
1769,10489,2,1,3280,3280
1770,10489,1,1,2980,2980
1771,10489,35,1,1180,1180
1772,10489,3,1,4980,4980
1773,10490,12,1,2480,2480
1774,10490,2,1,3280,3280
1775,10490,36,1,780,780
1776,10490,49,2,1280,2560
1777,10490,33,2,1580,3160
1778,10490,29,1,1780,1780
1779,10490,3,1,4980,4980
1780,10490,42,1,2980,2980
1781,10491,43,2,3480,6960
1782,10491,18,1,2180,2180
1783,10491,25,1,1880,1880
1784,10491,47,1,1280,1280
1785,10492,3,1,4980,4980
1786,10492,38,1,3280,3280
1787,10492,36,1,780,780
1788,10492,9,1,1880,1880
1789,10493,33,1,1580,1580
1790,10493,15,2,3280,6560
1791,10493,12,2,2480,4960
1792,10493,13,2,3680,7360
1793,10494,33,1,1580,1580
1794,10494,26,1,1580,1580
1795,10495,30,1,980,980
1796,10495,44,1,1680,1680
1797,10496,7,1,5980,5980
1798,10496,41,1,1980,1980
1799,10496,23,1,1980,1980
1800,10496,18,1,2180,2180
1801,10497,47,1,1280,1280
1802,10497,46,1,1480,1480
1803,10497,43,1,3480,3480
1804,10497,4,1,2480,2480
1805,10498,1,1,2980,2980
1806,10498,36,1,780,780
1807,10498,30,1,980,980
1808,10498,24,1,2580,2580
1809,10498,26,1,1580,1580
1810,10498,15,1,3280,3280
1811,10499,8,1,1680,1680
1812,10499,34,1,1480,1480
1813,10499,2,1,3280,3280
1814,10499,35,1,1180,1180
1815,10500,29,1,1780,1780
1816,10500,1,3,2980,8940
1817,10500,9,1,1880,1880
1818,10500,30,1,980,980
1819,10501,33,1,1580,1580
1820,10501,31,2,2180,4360
1821,10501,48,1,1880,1880
1822,10501,3,1,4980,4980
1823,10501,11,2,3980,7960
1824,10501,26,1,1580,1580
1825,10502,18,2,2180,4360
1826,10502,23,1,1980,1980
1827,10502,46,1,1480,1480
1828,10502,16,2,1980,3960
1829,10502,7,1,5980,5980
1830,10502,11,2,3980,7960
1831,10503,24,1,2580,2580
1832,10503,8,1,1680,1680
1833,10503,21,1,1680,1680
1834,10503,30,2,980,1960
1835,10503,48,2,1880,3760
1836,10503,28,1,3480,3480
1837,10504,35,1,1180,1180
1838,10504,1,1,2980,2980
1839,10504,48,1,1880,1880
1840,10504,30,1,980,980
1841,10504,11,1,3980,3980
1842,10504,5,1,1980,1980
1843,10505,15,1,3280,3280
1844,10505,5,1,1980,1980
1845,10505,3,3,4980,14940
1846,10505,28,1,3480,3480
1847,10506,5,1,1980,1980
1848,10506,35,1,1180,1180
1849,10506,22,3,2280,6840
1850,10506,24,1,2580,2580
1851,10507,45,1,2680,2680
1852,10507,2,1,3280,3280
1853,10507,16,1,1980,1980
1854,10507,35,1,1180,1180
1855,10508,34,2,1480,2960
1856,10508,38,1,3280,3280
1857,10509,3,1,4980,4980
1858,10509,48,2,1880,3760
1859,10509,26,1,1580,1580
1860,10509,2,2,3280,6560
1861,10510,14,1,1780,1780
1862,10510,18,1,2180,2180
1863,10510,45,1,2680,2680
1864,10510,48,1,1880,1880
1865,10510,27,1,1480,1480
1866,10510,22,1,2280,2280
1867,10511,9,1,1880,1880
1868,10511,8,2,1680,3360
1869,10512,26,1,1580,1580
1870,10512,5,2,1980,3960
1871,10513,15,1,3280,3280
1872,10513,32,1,1280,1280
1873,10513,34,2,1480,2960
1874,10513,6,1,3480,3480
1875,10514,31,1,2180,2180
1876,10514,45,2,2680,5360
1877,10514,14,2,1780,3560
1878,10514,36,1,780,780
1879,10515,15,1,3280,3280
1880,10515,32,1,1280,1280
1881,10516,13,2,3680,7360
1882,10516,9,1,1880,1880
1883,10517,11,1,3980,3980
1884,10517,49,1,1280,1280
1885,10517,43,1,3480,3480
1886,10517,17,1,1280,1280
1887,10517,38,1,3280,3280
1888,10517,15,1,3280,3280
1889,10518,5,1,1980,1980
1890,10518,3,2,4980,9960
1891,10518,28,1,3480,3480
1892,10518,47,1,1280,1280
1893,10518,40,1,5480,5480
1894,10518,7,1,5980,5980
1895,10518,11,3,3980,11940
1896,10518,15,1,3280,3280
1897,10519,7,1,5980,5980
1898,10519,11,1,3980,3980
1899,10520,36,2,780,1560
1900,10520,9,1,1880,1880
1901,10520,31,2,2180,4360
1902,10520,12,1,2480,2480
1903,10520,4,1,2480,2480
1904,10520,16,1,1980,1980
1905,10521,39,1,7980,7980
1906,10521,50,2,1580,3160
1907,10521,33,1,1580,1580
1908,10521,24,1,2580,2580
1909,10522,29,1,1780,1780
1910,10522,31,1,2180,2180
1911,10523,44,1,1680,1680
1912,10523,12,1,2480,2480
1913,10524,39,1,7980,7980
1914,10524,46,1,1480,1480
1915,10525,22,1,2280,2280
1916,10525,23,1,1980,1980
1917,10526,5,1,1980,1980
1918,10526,18,1,2180,2180
1919,10527,3,1,4980,4980
1920,10527,4,2,2480,4960
1921,10527,21,3,1680,5040
1922,10527,7,2,5980,11960
1923,10528,1,1,2980,2980
1924,10528,2,1,3280,3280
1925,10529,24,1,2580,2580
1926,10529,34,2,1480,2960
1927,10529,3,1,4980,4980
1928,10529,38,2,3280,6560
1929,10530,25,1,1880,1880
1930,10530,7,1,5980,5980
1931,10530,18,1,2180,2180
1932,10530,16,1,1980,1980
1933,10531,22,1,2280,2280
1934,10531,12,1,2480,2480
1935,10531,24,1,2580,2580
1936,10531,11,1,3980,3980
1937,10531,6,1,3480,3480
1938,10531,21,3,1680,5040
1939,10532,31,2,2180,4360
1940,10532,50,1,1580,1580
1941,10532,43,2,3480,6960
1942,10532,30,1,980,980
1943,10532,38,1,3280,3280
1944,10532,27,1,1480,1480
1945,10533,29,2,1780,3560
1946,10533,35,1,1180,1180
1947,10533,18,1,2180,2180
1948,10533,26,2,1580,3160
1949,10534,44,1,1680,1680
1950,10534,50,1,1580,1580
1951,10535,4,1,2480,2480
1952,10535,32,1,1280,1280
1953,10535,41,2,1980,3960
1954,10535,29,1,1780,1780
1955,10536,4,1,2480,2480
1956,10536,8,2,1680,3360
1957,10537,18,1,2180,2180
1958,10537,3,1,4980,4980
1959,10538,3,1,4980,4980
1960,10538,18,1,2180,2180
1961,10538,11,1,3980,3980
1962,10538,4,1,2480,2480
1963,10539,29,2,1780,3560
1964,10539,44,1,1680,1680
1965,10539,30,3,980,2940
1966,10539,26,1,1580,1580
1967,10540,4,1,2480,2480
1968,10540,1,1,2980,2980
1969,10540,39,1,7980,7980
1970,10540,7,1,5980,5980
1971,10541,11,2,3980,7960
1972,10541,13,2,3680,7360
1973,10542,15,1,3280,3280
1974,10542,18,1,2180,2180
1975,10543,34,1,1480,1480
1976,10543,4,2,2480,4960
1977,10543,6,2,3480,6960
1978,10543,2,3,3280,9840
1979,10544,1,2,2980,5960
1980,10544,2,1,3280,3280
1981,10545,12,1,2480,2480
1982,10545,28,1,3480,3480
1983,10546,2,1,3280,3280
1984,10546,18,1,2180,2180
1985,10546,12,1,2480,2480
1986,10546,40,1,5480,5480
1987,10547,11,2,3980,7960
1988,10547,16,2,1980,3960
1989,10547,9,2,1880,3760
1990,10547,41,1,1980,1980
1991,10547,44,1,1680,1680
1992,10547,10,2,4280,8560
1993,10547,3,1,4980,4980
1994,10547,28,2,3480,6960
1995,10548,7,1,5980,5980
1996,10548,21,1,1680,1680
1997,10549,12,1,2480,2480
1998,10549,5,2,1980,3960
1999,10549,30,1,980,980
2000,10549,15,2,3280,6560
2001,10549,23,1,1980,1980
2002,10549,37,1,1380,1380
2003,10550,25,1,1880,1880
2004,10550,31,1,2180,2180
2005,10551,23,1,1980,1980
2006,10551,5,1,1980,1980
2007,10551,16,2,1980,3960
2008,10551,11,1,3980,3980
2009,10552,49,1,1280,1280
2010,10552,17,1,1280,1280
2011,10553,44,1,1680,1680
2012,10553,31,1,2180,2180
2013,10554,1,2,2980,5960
2014,10554,2,1,3280,3280
2015,10555,36,1,780,780
2016,10555,41,3,1980,5940
2017,10556,29,1,1780,1780
2018,10556,31,2,2180,4360
2019,10557,23,2,1980,3960
2020,10557,4,1,2480,2480
2021,10557,36,1,780,780
2022,10557,2,1,3280,3280
2023,10558,43,1,3480,3480
2024,10558,33,1,1580,1580
2025,10558,13,1,3680,3680
2026,10558,2,1,3280,3280
2027,10559,14,1,1780,1780
2028,10559,1,1,2980,2980
2029,10560,6,1,3480,3480
2030,10560,30,1,980,980
2031,10561,39,1,7980,7980
2032,10561,46,1,1480,1480
2033,10562,26,1,1580,1580
2034,10562,8,1,1680,1680
2035,10563,36,1,780,780
2036,10563,8,1,1680,1680
2037,10563,12,1,2480,2480
2038,10563,45,1,2680,2680
2039,10564,12,3,2480,7440
2040,10564,2,2,3280,6560
2041,10564,15,1,3280,3280
2042,10564,19,2,1580,3160
2043,10564,7,1,5980,5980
2044,10564,14,1,1780,1780
2045,10565,3,1,4980,4980
2046,10565,29,1,1780,1780
2047,10565,26,1,1580,1580
2048,10565,21,2,1680,3360
2049,10566,39,1,7980,7980
2050,10566,11,1,3980,3980
2051,10566,12,1,2480,2480
2052,10566,47,1,1280,1280
2053,10567,1,1,2980,2980
2054,10567,34,1,1480,1480
2055,10567,17,2,1280,2560
2056,10567,11,1,3980,3980
2057,10568,11,2,3980,7960
2058,10568,50,1,1580,1580
2059,10568,23,1,1980,1980
2060,10568,22,1,2280,2280
2061,10568,1,1,2980,2980
2062,10568,28,1,3480,3480
2063,10568,12,1,2480,2480
2064,10568,38,1,3280,3280
2065,10569,49,2,1280,2560
2066,10569,37,1,1380,1380
2067,10569,16,1,1980,1980
2068,10569,20,1,2880,2880
2069,10570,17,1,1280,1280
2070,10570,6,1,3480,3480
2071,10570,23,1,1980,1980
2072,10570,9,1,1880,1880
2073,10570,15,1,3280,3280
2074,10570,36,1,780,780
2075,10570,47,2,1280,2560
2076,10570,13,1,3680,3680
2077,10571,45,2,2680,5360
2078,10571,22,1,2280,2280
2079,10571,15,1,3280,3280
2080,10571,44,1,1680,1680
2081,10572,30,2,980,1960
2082,10572,14,1,1780,1780
2083,10572,24,2,2580,5160
2084,10572,25,2,1880,3760
2085,10572,8,2,1680,3360
2086,10572,23,1,1980,1980
2087,10573,45,1,2680,2680
2088,10573,8,1,1680,1680
2089,10574,21,1,1680,1680
2090,10574,23,1,1980,1980
2091,10575,22,2,2280,4560
2092,10575,23,1,1980,1980
2093,10576,14,1,1780,1780
2094,10576,44,2,1680,3360
2095,10577,2,3,3280,9840
2096,10577,13,1,3680,3680
2097,10577,30,1,980,980
2098,10577,24,2,2580,5160
2099,10578,10,1,4280,4280
2100,10578,16,2,1980,3960
2101,10578,22,1,2280,2280
2102,10578,38,2,3280,6560
2103,10579,1,3,2980,8940
2104,10579,26,2,1580,3160
2105,10579,12,1,2480,2480
2106,10579,29,2,1780,3560
2107,10580,13,3,3680,11040
2108,10580,5,2,1980,3960
2109,10580,42,3,2980,8940
2110,10580,6,1,3480,3480
2111,10580,15,1,3280,3280
2112,10580,3,1,4980,4980
2113,10580,10,1,4280,4280
2114,10580,50,1,1580,1580
2115,10581,11,1,3980,3980
2116,10581,13,1,3680,3680
2117,10582,41,1,1980,1980
2118,10582,44,1,1680,1680
2119,10582,13,1,3680,3680
2120,10582,8,2,1680,3360
2121,10582,16,1,1980,1980
2122,10582,46,1,1480,1480
2123,10583,3,1,4980,4980
2124,10583,5,2,1980,3960
2125,10583,15,2,3280,6560
2126,10583,6,1,3480,3480
2127,10584,40,1,5480,5480
2128,10584,21,1,1680,1680
2129,10585,26,1,1580,1580
2130,10585,17,1,1280,1280
2131,10585,8,1,1680,1680
2132,10585,18,3,2180,6540
2133,10586,25,1,1880,1880
2134,10586,24,2,2580,5160
2135,10587,19,1,1580,1580
2136,10587,3,1,4980,4980
2137,10587,46,1,1480,1480
2138,10587,2,2,3280,6560
2139,10587,15,2,3280,6560
2140,10587,4,1,2480,2480
2141,10588,41,1,1980,1980
2142,10588,11,1,3980,3980
2143,10588,48,1,1880,1880
2144,10588,12,1,2480,2480
2145,10588,23,1,1980,1980
2146,10588,5,1,1980,1980
2147,10588,2,1,3280,3280
2148,10588,3,2,4980,9960
2149,10589,5,1,1980,1980
2150,10589,9,1,1880,1880
2151,10590,21,1,1680,1680
2152,10590,9,1,1880,1880
2153,10590,17,3,1280,3840
2154,10590,2,1,3280,3280
2155,10591,7,3,5980,17940
2156,10591,18,1,2180,2180
2157,10592,25,1,1880,1880
2158,10592,31,1,2180,2180
2159,10592,5,1,1980,1980
2160,10592,21,3,1680,5040
2161,10593,1,2,2980,5960
2162,10593,43,1,3480,3480
2163,10594,5,1,1980,1980
2164,10594,9,1,1880,1880
2165,10595,5,3,1980,5940
2166,10595,9,1,1880,1880
2167,10596,41,1,1980,1980
2168,10596,1,1,2980,2980
2169,10596,47,1,1280,1280
2170,10596,31,1,2180,2180
2171,10597,9,2,1880,3760
2172,10597,15,2,3280,6560
2173,10598,36,2,780,1560
2174,10598,43,1,3480,3480
2175,10599,1,1,2980,2980
2176,10599,46,1,1480,1480
2177,10599,24,3,2580,7740
2178,10599,11,1,3980,3980
2179,10600,34,1,1480,1480
2180,10600,25,1,1880,1880
2181,10600,13,1,3680,3680
2182,10600,12,1,2480,2480
2183,10601,2,1,3280,3280
2184,10601,22,1,2280,2280
2185,10601,13,2,3680,7360
2186,10601,3,2,4980,9960
2187,10601,12,1,2480,2480
2188,10601,32,1,1280,1280
2189,10602,16,1,1980,1980
2190,10602,11,1,3980,3980
2191,10602,3,2,4980,9960
2192,10602,4,2,2480,4960
2193,10602,23,1,1980,1980
2194,10602,12,2,2480,4960
2195,10603,2,1,3280,3280
2196,10603,11,1,3980,3980
2197,10603,10,1,4280,4280
2198,10603,31,1,2180,2180
2199,10604,3,1,4980,4980
2200,10604,12,2,2480,4960
2201,10604,16,1,1980,1980
2202,10604,30,3,980,2940
2203,10605,5,1,1980,1980
2204,10605,17,1,1280,1280
2205,10606,5,1,1980,1980
2206,10606,9,1,1880,1880
2207,10607,3,3,4980,14940
2208,10607,32,1,1280,1280
2209,10607,30,3,980,2940
2210,10607,9,2,1880,3760
2211,10608,6,3,3480,10440
2212,10608,11,3,3980,11940
2213,10608,20,1,2880,2880
2214,10608,13,2,3680,7360
2215,10609,18,1,2180,2180
2216,10609,21,1,1680,1680
2217,10609,2,1,3280,3280
2218,10609,17,1,1280,1280
2219,10610,40,2,5480,10960
2220,10610,4,1,2480,2480
2221,10610,27,1,1480,1480
2222,10610,30,1,980,980
2223,10611,19,1,1580,1580
2224,10611,44,3,1680,5040
2225,10612,33,1,1580,1580
2226,10612,21,3,1680,5040
2227,10612,16,1,1980,1980
2228,10612,45,1,2680,2680
2229,10612,1,1,2980,2980
2230,10612,50,2,1580,3160
2231,10613,14,1,1780,1780
2232,10613,30,1,980,980
2233,10614,1,1,2980,2980
2234,10614,21,1,1680,1680
2235,10614,24,1,2580,2580
2236,10614,46,1,1480,1480
2237,10614,35,1,1180,1180
2238,10614,4,1,2480,2480
2239,10615,40,2,5480,10960
2240,10615,32,1,1280,1280
2241,10616,28,1,3480,3480
2242,10616,37,1,1380,1380
2243,10616,21,1,1680,1680
2244,10616,22,1,2280,2280
2245,10616,45,1,2680,2680
2246,10616,12,2,2480,4960
2247,10617,48,1,1880,1880
2248,10617,24,1,2580,2580
2249,10617,12,1,2480,2480
2250,10617,43,1,3480,3480
2251,10618,23,1,1980,1980
2252,10618,29,1,1780,1780
2253,10618,12,1,2480,2480
2254,10618,34,1,1480,1480
2255,10618,22,1,2280,2280
2256,10618,15,1,3280,3280
2257,10618,17,1,1280,1280
2258,10618,42,2,2980,5960
2259,10619,14,1,1780,1780
2260,10619,30,1,980,980
2261,10620,40,3,5480,16440
2262,10620,6,1,3480,3480
2263,10621,39,1,7980,7980
2264,10621,16,2,1980,3960
2265,10622,37,1,1380,1380
2266,10622,44,2,1680,3360
2267,10622,46,2,1480,2960
2268,10622,45,2,2680,5360
2269,10623,1,1,2980,2980
2270,10623,44,1,1680,1680
2271,10623,5,2,1980,3960
2272,10623,26,2,1580,3160
2273,10623,30,1,980,980
2274,10623,32,1,1280,1280
2275,10624,35,2,1180,2360
2276,10624,6,1,3480,3480
2277,10624,4,1,2480,2480
2278,10624,8,2,1680,3360
2279,10625,31,2,2180,4360
2280,10625,13,2,3680,7360
2281,10626,8,2,1680,3360
2282,10626,5,1,1980,1980
2283,10627,50,1,1580,1580
2284,10627,3,3,4980,14940
2285,10628,1,1,2980,2980
2286,10628,48,2,1880,3760
2287,10629,5,1,1980,1980
2288,10629,9,1,1880,1880
2289,10630,3,2,4980,9960
2290,10630,1,1,2980,2980
2291,10631,5,2,1980,3960
2292,10631,11,2,3980,7960
2293,10631,44,1,1680,1680
2294,10631,21,1,1680,1680
2295,10631,1,3,2980,8940
2296,10631,36,1,780,780
2297,10632,31,2,2180,4360
2298,10632,44,1,1680,1680
2299,10632,45,1,2680,2680
2300,10632,42,1,2980,2980
2301,10632,20,1,2880,2880
2302,10632,22,1,2280,2280
2303,10633,45,1,2680,2680
2304,10633,23,1,1980,1980
2305,10633,10,1,4280,4280
2306,10633,24,1,2580,2580
2307,10634,11,1,3980,3980
2308,10634,13,1,3680,3680
2309,10635,11,1,3980,3980
2310,10635,40,3,5480,16440
2311,10636,46,1,1480,1480
2312,10636,43,1,3480,3480
2313,10636,44,1,1680,1680
2314,10636,36,2,780,1560
2315,10636,18,1,2180,2180
2316,10636,2,1,3280,3280
2317,10637,8,2,1680,3360
2318,10637,23,3,1980,5940
2319,10638,17,1,1280,1280
2320,10638,21,1,1680,1680
2321,10638,34,1,1480,1480
2322,10638,12,1,2480,2480
2323,10638,11,2,3980,7960
2324,10638,48,1,1880,1880
2325,10638,2,1,3280,3280
2326,10638,23,2,1980,3960
2327,10639,26,1,1580,1580
2328,10639,30,1,980,980
2329,10639,35,3,1180,3540
2330,10639,16,1,1980,1980
2331,10640,15,2,3280,6560
2332,10640,19,1,1580,1580
2333,10641,8,2,1680,3360
2334,10641,11,2,3980,7960
2335,10641,2,2,3280,6560
2336,10641,45,1,2680,2680
2337,10642,21,2,1680,3360
2338,10642,23,1,1980,1980
2339,10642,30,1,980,980
2340,10642,3,1,4980,4980
2341,10643,1,2,2980,5960
2342,10643,2,1,3280,3280
2343,10644,33,1,1580,1580
2344,10644,4,1,2480,2480
2345,10645,13,1,3680,3680
2346,10645,4,1,2480,2480
2347,10645,50,1,1580,1580
2348,10645,12,1,2480,2480
2349,10646,32,2,1280,2560
2350,10646,5,1,1980,1980
2351,10646,30,1,980,980
2352,10646,11,1,3980,3980
2353,10646,34,3,1480,4440
2354,10646,47,2,1280,2560
2355,10646,12,2,2480,4960
2356,10646,21,1,1680,1680
2357,10647,13,1,3680,3680
2358,10647,39,2,7980,15960
2359,10648,37,1,1380,1380
2360,10648,21,1,1680,1680
2361,10648,3,3,4980,14940
2362,10648,33,2,1580,3160
2363,10649,29,2,1780,3560
2364,10649,15,2,3280,6560
2365,10649,26,1,1580,1580
2366,10649,14,1,1780,1780
2367,10650,16,2,1980,3960
2368,10650,41,1,1980,1980
2369,10651,21,1,1680,1680
2370,10651,23,1,1980,1980
2371,10652,19,1,1580,1580
2372,10652,10,2,4280,8560
2373,10652,5,1,1980,1980
2374,10652,39,2,7980,15960
2375,10653,35,1,1180,1180
2376,10653,5,2,1980,3960
2377,10654,44,2,1680,3360
2378,10654,9,1,1880,1880
2379,10655,31,1,2180,2180
2380,10655,3,1,4980,4980
2381,10656,26,1,1580,1580
2382,10656,24,1,2580,2580
2383,10657,5,1,1980,1980
2384,10657,9,1,1880,1880
2385,10658,36,1,780,780
2386,10658,17,1,1280,1280
2387,10658,12,2,2480,4960
2388,10658,2,1,3280,3280
2389,10659,18,1,2180,2180
2390,10659,3,1,4980,4980
2391,10659,6,1,3480,3480
2392,10659,24,1,2580,2580
2393,10659,15,2,3280,6560
2394,10659,1,2,2980,5960
2395,10660,10,1,4280,4280
2396,10660,35,1,1180,1180
2397,10660,11,2,3980,7960
2398,10660,13,1,3680,3680
2399,10660,29,2,1780,3560
2400,10660,33,1,1580,1580
2401,10661,8,1,1680,1680
2402,10661,6,1,3480,3480
2403,10662,36,2,780,1560
2404,10662,4,2,2480,4960
2405,10662,40,1,5480,5480
2406,10662,3,1,4980,4980
2407,10663,9,1,1880,1880
2408,10663,30,1,980,980
2409,10663,41,2,1980,3960
2410,10663,22,1,2280,2280
2411,10663,11,1,3980,3980
2412,10663,13,1,3680,3680
2413,10664,18,1,2180,2180
2414,10664,33,2,1580,3160
2415,10664,6,1,3480,3480
2416,10664,36,1,780,780
2417,10665,16,1,1980,1980
2418,10665,29,1,1780,1780
2419,10665,22,1,2280,2280
2420,10665,9,1,1880,1880
2421,10666,45,1,2680,2680
2422,10666,6,1,3480,3480
2423,10667,5,1,1980,1980
2424,10667,29,2,1780,3560
2425,10668,24,2,2580,5160
2426,10668,2,1,3280,3280
2427,10668,35,2,1180,2360
2428,10668,44,3,1680,5040
2429,10668,46,1,1480,1480
2430,10668,17,1,1280,1280
2431,10669,5,1,1980,1980
2432,10669,15,1,3280,3280
2433,10669,12,1,2480,2480
2434,10669,46,2,1480,2960
2435,10669,11,2,3980,7960
2436,10669,30,1,980,980
2437,10670,43,1,3480,3480
2438,10670,15,1,3280,3280
2439,10670,11,1,3980,3980
2440,10670,45,1,2680,2680
2441,10671,4,1,2480,2480
2442,10671,21,2,1680,3360
2443,10672,2,1,3280,3280
2444,10672,36,3,780,2340
2445,10672,35,1,1180,1180
2446,10672,21,1,1680,1680
2447,10673,8,1,1680,1680
2448,10673,16,2,1980,3960
2449,10674,30,1,980,980
2450,10674,11,2,3980,7960
2451,10674,21,1,1680,1680
2452,10674,41,2,1980,3960
2453,10675,4,2,2480,4960
2454,10675,8,1,1680,1680
2455,10676,16,2,1980,3960
2456,10676,3,2,4980,9960
2457,10676,33,1,1580,1580
2458,10676,5,1,1980,1980
2459,10676,8,2,1680,3360
2460,10676,11,1,3980,3980
2461,10677,4,2,2480,4960
2462,10677,1,2,2980,5960
2463,10677,45,1,2680,2680
2464,10677,43,1,3480,3480
2465,10678,13,1,3680,3680
2466,10678,31,1,2180,2180
2467,10679,19,2,1580,3160
2468,10679,23,2,1980,3960
2469,10680,39,1,7980,7980
2470,10680,46,1,1480,1480
2471,10681,42,2,2980,5960
2472,10681,48,2,1880,3760
2473,10681,7,1,5980,5980
2474,10681,18,1,2180,2180
2475,10682,22,1,2280,2280
2476,10682,15,1,3280,3280
2477,10683,23,1,1980,1980
2478,10683,13,1,3680,3680
2479,10683,34,1,1480,1480
2480,10683,44,1,1680,1680
2481,10684,29,2,1780,3560
2482,10684,1,1,2980,2980
2483,10685,3,1,4980,4980
2484,10685,12,2,2480,4960
2485,10685,4,1,2480,2480
2486,10685,13,1,3680,3680
2487,10686,24,1,2580,2580
2488,10686,3,1,4980,4980
2489,10686,21,1,1680,1680
2490,10686,15,1,3280,3280
2491,10686,26,2,1580,3160
2492,10686,1,2,2980,5960
2493,10687,44,1,1680,1680
2494,10687,17,1,1280,1280
2495,10688,11,1,3980,3980
2496,10688,13,1,3680,3680
2497,10689,5,2,1980,3960
2498,10689,47,1,1280,1280
2499,10689,2,1,3280,3280
2500,10689,23,1,1980,1980
2501,10690,19,1,1580,1580
2502,10690,30,1,980,980
2503,10690,13,1,3680,3680
2504,10690,33,1,1580,1580
2505,10690,39,2,7980,15960
2506,10690,21,1,1680,1680
2507,10691,1,1,2980,2980
2508,10691,2,1,3280,3280
2509,10692,9,1,1880,1880
2510,10692,35,2,1180,2360
2511,10692,23,1,1980,1980
2512,10692,25,1,1880,1880
2513,10692,43,1,3480,3480
2514,10692,10,1,4280,4280
2515,10693,28,1,3480,3480
2516,10693,29,1,1780,1780
2517,10694,5,2,1980,3960
2518,10694,14,1,1780,1780
2519,10695,42,1,2980,2980
2520,10695,8,1,1680,1680
2521,10696,9,1,1880,1880
2522,10696,15,1,3280,3280
2523,10696,30,1,980,980
2524,10696,48,2,1880,3760
2525,10697,36,1,780,780
2526,10697,7,1,5980,5980
2527,10697,11,1,3980,3980
2528,10697,42,1,2980,2980
2529,10698,26,1,1580,1580
2530,10698,21,1,1680,1680
2531,10698,11,1,3980,3980
2532,10698,44,1,1680,1680
2533,10698,1,2,2980,5960
2534,10698,47,1,1280,1280
2535,10699,39,1,7980,7980
2536,10699,46,1,1480,1480
2537,10700,14,1,1780,1780
2538,10700,16,3,1980,5940
2539,10700,5,1,1980,1980
2540,10700,21,1,1680,1680
2541,10701,24,3,2580,7740
2542,10701,21,1,1680,1680
2543,10702,22,1,2280,2280
2544,10702,34,1,1480,1480
2545,10702,41,1,1980,1980
2546,10702,3,1,4980,4980
2547,10703,49,1,1280,1280
2548,10703,15,2,3280,6560
2549,10704,23,1,1980,1980
2550,10704,13,1,3680,3680
2551,10705,6,2,3480,6960
2552,10705,29,1,1780,1780
2553,10706,34,1,1480,1480
2554,10706,24,1,2580,2580
2555,10707,26,1,1580,1580
2556,10707,43,1,3480,3480
2557,10707,14,1,1780,1780
2558,10707,15,1,3280,3280
2559,10707,3,1,4980,4980
2560,10707,8,1,1680,1680
2561,10707,36,2,780,1560
2562,10707,35,1,1180,1180
2563,10708,3,1,4980,4980
2564,10708,10,1,4280,4280
2565,10709,33,1,1580,1580
2566,10709,49,1,1280,1280
2567,10709,8,2,1680,3360
2568,10709,42,1,2980,2980
2569,10709,15,1,3280,3280
2570,10709,26,1,1580,1580
2571,10710,23,1,1980,1980
2572,10710,4,1,2480,2480
2573,10710,20,1,2880,2880
2574,10710,34,1,1480,1480
2575,10711,29,1,1780,1780
2576,10711,30,1,980,980
2577,10711,24,1,2580,2580
2578,10711,12,1,2480,2480
2579,10711,5,1,1980,1980
2580,10711,2,1,3280,3280
2581,10711,39,1,7980,7980
2582,10711,10,1,4280,4280
2583,10712,3,1,4980,4980
2584,10712,5,1,1980,1980
2585,10712,31,2,2180,4360
2586,10712,13,1,3680,3680
2587,10712,21,2,1680,3360
2588,10712,9,2,1880,3760
2589,10713,5,1,1980,1980
2590,10713,9,2,1880,3760
2591,10714,26,1,1580,1580
2592,10714,42,1,2980,2980
2593,10715,5,1,1980,1980
2594,10715,9,2,1880,3760
2595,10716,12,1,2480,2480
2596,10716,34,1,1480,1480
2597,10717,50,1,1580,1580
2598,10717,26,1,1580,1580
2599,10717,47,2,1280,2560
2600,10717,15,1,3280,3280
2601,10717,36,1,780,780
2602,10717,22,1,2280,2280
2603,10717,12,1,2480,2480
2604,10717,30,1,980,980
2605,10718,17,1,1280,1280
2606,10718,39,1,7980,7980
2607,10718,44,1,1680,1680
2608,10718,12,1,2480,2480
2609,10718,30,2,980,1960
2610,10718,6,1,3480,3480
2611,10719,28,1,3480,3480
2612,10719,16,2,1980,3960
2613,10719,34,1,1480,1480
2614,10719,33,2,1580,3160
2615,10720,10,2,4280,8560
2616,10720,41,3,1980,5940
2617,10720,15,2,3280,6560
2618,10720,13,1,3680,3680
2619,10721,46,1,1480,1480
2620,10721,5,2,1980,3960
2621,10721,40,1,5480,5480
2622,10721,35,1,1180,1180
2623,10722,19,1,1580,1580
2624,10722,12,1,2480,2480
2625,10722,1,1,2980,2980
2626,10722,22,1,2280,2280
2627,10723,4,2,2480,4960
2628,10723,18,3,2180,6540
2629,10724,20,1,2880,2880
2630,10724,36,1,780,780
2631,10724,12,1,2480,2480
2632,10724,37,1,1380,1380
2633,10725,4,1,2480,2480
2634,10725,8,1,1680,1680
2635,10726,35,1,1180,1180
2636,10726,28,1,3480,3480
2637,10726,13,1,3680,3680
2638,10726,38,1,3280,3280
2639,10726,12,1,2480,2480
2640,10726,44,3,1680,5040
2641,10726,6,1,3480,3480
2642,10726,40,1,5480,5480
2643,10727,33,1,1580,1580
2644,10727,23,2,1980,3960
2645,10728,44,1,1680,1680
2646,10728,15,1,3280,3280
2647,10728,34,1,1480,1480
2648,10728,30,1,980,980
2649,10728,3,1,4980,4980
2650,10728,42,1,2980,2980
2651,10729,5,1,1980,1980
2652,10729,26,1,1580,1580
2653,10729,36,1,780,780
2654,10729,2,1,3280,3280
2655,10729,1,1,2980,2980
2656,10729,39,3,7980,23940
2657,10730,46,1,1480,1480
2658,10730,21,1,1680,1680
2659,10731,6,1,3480,3480
2660,10731,36,1,780,780
2661,10731,3,2,4980,9960
2662,10731,37,1,1380,1380
2663,10731,23,2,1980,3960
2664,10731,21,2,1680,3360
2665,10732,48,1,1880,1880
2666,10732,8,1,1680,1680
2667,10733,7,1,5980,5980
2668,10733,28,2,3480,6960
2669,10733,3,1,4980,4980
2670,10733,44,2,1680,3360
2671,10734,4,1,2480,2480
2672,10734,3,2,4980,9960
2673,10734,39,1,7980,7980
2674,10734,6,1,3480,3480
2675,10735,8,1,1680,1680
2676,10735,45,2,2680,5360
2677,10736,14,1,1780,1780
2678,10736,43,2,3480,6960
2679,10736,40,1,5480,5480
2680,10736,15,1,3280,3280
2681,10737,45,1,2680,2680
2682,10737,5,1,1980,1980
2683,10737,17,2,1280,2560
2684,10737,35,1,1180,1180
2685,10737,3,1,4980,4980
2686,10737,31,2,2180,4360
2687,10738,1,1,2980,2980
2688,10738,11,1,3980,3980
2689,10739,21,1,1680,1680
2690,10739,15,1,3280,3280
2691,10740,22,2,2280,4560
2692,10740,23,1,1980,1980
2693,10741,49,3,1280,3840
2694,10741,39,2,7980,15960
2695,10741,26,1,1580,1580
2696,10741,19,1,1580,1580
2697,10742,6,1,3480,3480
2698,10742,4,1,2480,2480
2699,10743,21,1,1680,1680
2700,10743,23,2,1980,3960
2701,10744,50,2,1580,3160
2702,10744,4,1,2480,2480
2703,10745,15,1,3280,3280
2704,10745,21,1,1680,1680
2705,10746,7,1,5980,5980
2706,10746,41,1,1980,1980
2707,10747,5,1,1980,1980
2708,10747,9,1,1880,1880
2709,10748,29,1,1780,1780
2710,10748,3,3,4980,14940
2711,10748,44,1,1680,1680
2712,10748,14,1,1780,1780
2713,10748,33,1,1580,1580
2714,10748,48,1,1880,1880
2715,10749,36,1,780,780
2716,10749,32,1,1280,1280
2717,10749,13,1,3680,3680
2718,10749,16,1,1980,1980
2719,10750,1,1,2980,2980
2720,10750,15,1,3280,3280
2721,10750,25,1,1880,1880
2722,10750,37,1,1380,1380
2723,10750,21,3,1680,5040
2724,10750,34,2,1480,2960
2725,10750,36,2,780,1560
2726,10750,7,2,5980,11960
2727,10751,21,3,1680,5040
2728,10751,26,1,1580,1580
2729,10752,48,1,1880,1880
2730,10752,14,3,1780,5340
2731,10753,11,1,3980,3980
2732,10753,13,1,3680,3680
2733,10754,8,1,1680,1680
2734,10754,17,1,1280,1280
2735,10754,33,1,1580,1580
2736,10754,26,1,1580,1580
2737,10754,34,1,1480,1480
2738,10754,25,1,1880,1880
2739,10755,30,1,980,980
2740,10755,17,1,1280,1280
2741,10756,11,1,3980,3980
2742,10756,26,1,1580,1580
2743,10756,20,2,2880,5760
2744,10756,33,1,1580,1580
2745,10756,37,1,1380,1380
2746,10756,30,1,980,980
2747,10757,17,1,1280,1280
2748,10757,12,1,2480,2480
2749,10758,1,1,2980,2980
2750,10758,11,1,3980,3980
2751,10759,26,1,1580,1580
2752,10759,22,1,2280,2280
2753,10759,48,3,1880,5640
2754,10759,23,1,1980,1980
2755,10760,42,1,2980,2980
2756,10760,30,2,980,1960
2757,10761,16,1,1980,1980
2758,10761,20,2,2880,5760
2759,10761,48,1,1880,1880
2760,10761,45,1,2680,2680
2761,10762,40,1,5480,5480
2762,10762,41,1,1980,1980
2763,10763,11,1,3980,3980
2764,10763,3,1,4980,4980
2765,10764,12,1,2480,2480
2766,10764,11,1,3980,3980
2767,10764,44,2,1680,3360
2768,10764,4,1,2480,2480
2769,10765,47,1,1280,1280
2770,10765,18,1,2180,2180
2771,10765,14,1,1780,1780
2772,10765,17,2,1280,2560
2773,10765,7,2,5980,11960
2774,10765,16,1,1980,1980
2775,10766,10,1,4280,4280
2776,10766,33,2,1580,3160
2777,10766,6,1,3480,3480
2778,10766,1,1,2980,2980
2779,10767,46,1,1480,1480
2780,10767,21,1,1680,1680
2781,10767,41,1,1980,1980
2782,10767,14,3,1780,5340
2783,10768,1,2,2980,5960
2784,10768,3,1,4980,4980
2785,10769,5,1,1980,1980
2786,10769,26,1,1580,1580
2787,10770,1,1,2980,2980
2788,10770,2,1,3280,3280
2789,10771,13,2,3680,7360
2790,10771,12,1,2480,2480
2791,10772,24,1,2580,2580
2792,10772,36,1,780,780
2793,10772,40,1,5480,5480
2794,10772,9,2,1880,3760
2795,10773,43,1,3480,3480
2796,10773,28,1,3480,3480
2797,10773,14,1,1780,1780
2798,10773,41,1,1980,1980
2799,10774,42,2,2980,5960
2800,10774,41,1,1980,1980
2801,10774,4,1,2480,2480
2802,10774,20,2,2880,5760
2803,10775,1,1,2980,2980
2804,10775,2,1,3280,3280
2805,10776,17,1,1280,1280
2806,10776,26,1,1580,1580
2807,10777,2,1,3280,3280
2808,10777,15,2,3280,6560
2809,10777,6,1,3480,3480
2810,10777,24,1,2580,2580
2811,10778,36,1,780,780
2812,10778,39,1,7980,7980
2813,10779,36,2,780,1560
2814,10779,41,1,1980,1980
2815,10779,26,2,1580,3160
2816,10779,29,1,1780,1780
2817,10779,44,1,1680,1680
2818,10779,4,1,2480,2480
2819,10780,42,2,2980,5960
2820,10780,40,1,5480,5480
2821,10781,16,1,1980,1980
2822,10781,5,2,1980,3960
2823,10782,42,1,2980,2980
2824,10782,36,3,780,2340
2825,10783,1,1,2980,2980
2826,10783,3,1,4980,4980
2827,10783,4,1,2480,2480
2828,10783,49,1,1280,1280
2829,10783,39,2,7980,15960
2830,10783,21,3,1680,5040
2831,10784,37,1,1380,1380
2832,10784,6,2,3480,6960
2833,10784,19,1,1580,1580
2834,10784,34,1,1480,1480
2835,10784,30,3,980,2940
2836,10784,21,1,1680,1680
2837,10785,42,1,2980,2980
2838,10785,44,1,1680,1680
2839,10785,11,1,3980,3980
2840,10785,39,1,7980,7980
2841,10786,32,2,1280,2560
2842,10786,14,1,1780,1780
2843,10787,5,1,1980,1980
2844,10787,34,1,1480,1480
2845,10787,19,1,1580,1580
2846,10787,6,1,3480,3480
2847,10787,4,1,2480,2480
2848,10787,2,1,3280,3280
2849,10787,24,3,2580,7740
2850,10787,33,3,1580,4740
2851,10788,36,2,780,1560
2852,10788,1,1,2980,2980
2853,10788,15,1,3280,3280
2854,10788,5,3,1980,5940
2855,10789,17,1,1280,1280
2856,10789,2,1,3280,3280
2857,10790,3,1,4980,4980
2858,10790,23,1,1980,1980
2859,10790,7,1,5980,5980
2860,10790,11,1,3980,3980
2861,10790,6,3,3480,10440
2862,10790,20,1,2880,2880
2863,10791,39,1,7980,7980
2864,10791,21,1,1680,1680
2865,10792,13,3,3680,11040
2866,10792,43,1,3480,3480
2867,10792,48,1,1880,1880
2868,10792,31,1,2180,2180
2869,10792,3,1,4980,4980
2870,10792,24,1,2580,2580
2871,10793,32,3,1280,3840
2872,10793,8,1,1680,1680
2873,10793,30,1,980,980
2874,10793,46,1,1480,1480
2875,10794,30,1,980,980
2876,10794,41,1,1980,1980
2877,10794,25,1,1880,1880
2878,10794,20,2,2880,5760
2879,10795,21,1,1680,1680
2880,10795,32,1,1280,1280
2881,10795,8,1,1680,1680
2882,10795,36,1,780,780
2883,10795,10,1,4280,4280
2884,10795,1,1,2980,2980
2885,10796,2,2,3280,6560
2886,10796,10,1,4280,4280
2887,10796,5,1,1980,1980
2888,10796,50,1,1580,1580
2889,10796,29,1,1780,1780
2890,10796,45,2,2680,5360
2891,10796,49,1,1280,1280
2892,10796,13,1,3680,3680
2893,10797,3,3,4980,14940
2894,10797,16,1,1980,1980
2895,10798,3,1,4980,4980
2896,10798,7,1,5980,5980
2897,10798,27,1,1480,1480
2898,10798,13,1,3680,3680
2899,10799,34,1,1480,1480
2900,10799,4,2,2480,4960
2901,10799,44,1,1680,1680
2902,10799,11,2,3980,7960
2903,10800,50,1,1580,1580
2904,10800,9,1,1880,1880
2905,10801,16,1,1980,1980
2906,10801,41,1,1980,1980
2907,10801,31,1,2180,2180
2908,10801,30,1,980,980
2909,10802,6,1,3480,3480
2910,10802,11,1,3980,3980
2911,10803,5,1,1980,1980
2912,10803,29,2,1780,3560
2913,10804,3,3,4980,14940
2914,10804,31,3,2180,6540
2915,10804,9,1,1880,1880
2916,10804,10,1,4280,4280
2917,10804,1,1,2980,2980
2918,10804,6,1,3480,3480
2919,10805,22,1,2280,2280
2920,10805,8,1,1680,1680
2921,10805,5,3,1980,5940
2922,10805,42,1,2980,2980
2923,10806,12,1,2480,2480
2924,10806,3,1,4980,4980
2925,10807,15,1,3280,3280
2926,10807,20,1,2880,2880
2927,10807,21,1,1680,1680
2928,10807,3,1,4980,4980
2929,10807,18,1,2180,2180
2930,10807,5,1,1980,1980
2931,10808,33,1,1580,1580
2932,10808,3,1,4980,4980
2933,10809,1,1,2980,2980
2934,10809,2,1,3280,3280
2935,10810,1,1,2980,2980
2936,10810,21,1,1680,1680
2937,10811,4,1,2480,2480
2938,10811,43,1,3480,3480
2939,10811,23,1,1980,1980
2940,10811,27,1,1480,1480
2941,10812,3,1,4980,4980
2942,10812,36,1,780,780
2943,10812,17,2,1280,2560
2944,10812,21,2,1680,3360
2945,10812,26,1,1580,1580
2946,10812,9,1,1880,1880
2947,10813,5,1,1980,1980
2948,10813,4,1,2480,2480
2949,10813,17,3,1280,3840
2950,10813,23,2,1980,3960
2951,10813,16,1,1980,1980
2952,10813,36,1,780,780
2953,10814,8,1,1680,1680
2954,10814,27,1,1480,1480
2955,10814,13,3,3680,11040
2956,10814,10,1,4280,4280
2957,10815,45,1,2680,2680
2958,10815,9,1,1880,1880
2959,10815,50,2,1580,3160
2960,10815,2,1,3280,3280
2961,10816,8,1,1680,1680
2962,10816,47,1,1280,1280
2963,10816,23,1,1980,1980
2964,10816,2,2,3280,6560
2965,10817,6,1,3480,3480
2966,10817,5,1,1980,1980
2967,10818,26,2,1580,3160
2968,10818,24,1,2580,2580
2969,10819,5,1,1980,1980
2970,10819,7,1,5980,5980
2971,10819,27,2,1480,2960
2972,10819,33,1,1580,1580
2973,10820,37,1,1380,1380
2974,10820,5,1,1980,1980
2975,10820,11,1,3980,3980
2976,10820,3,3,4980,14940
2977,10820,16,2,1980,3960
2978,10820,44,1,1680,1680
2979,10820,12,1,2480,2480
2980,10820,9,2,1880,3760
2981,10821,13,2,3680,7360
2982,10821,4,3,2480,7440
2983,10822,34,3,1480,4440
2984,10822,30,1,980,980
2985,10822,21,1,1680,1680
2986,10822,3,1,4980,4980
2987,10822,33,1,1580,1580
2988,10822,16,1,1980,1980
2989,10822,42,1,2980,2980
2990,10822,35,1,1180,1180
2991,10823,15,3,3280,9840
2992,10823,31,1,2180,2180
2993,10823,4,2,2480,4960
2994,10823,6,1,3480,3480
2995,10823,11,1,3980,3980
2996,10823,14,1,1780,1780
2997,10824,31,1,2180,2180
2998,10824,34,2,1480,2960
2999,10824,17,1,1280,1280
3000,10824,28,2,3480,6960
3001,10824,11,1,3980,3980
3002,10824,7,2,5980,11960
3003,10825,11,1,3980,3980
3004,10825,34,1,1480,1480
3005,10825,43,2,3480,6960
3006,10825,20,1,2880,2880
3007,10826,3,1,4980,4980
3008,10826,41,2,1980,3960
3009,10826,16,2,1980,3960
3010,10826,45,1,2680,2680
3011,10827,45,1,2680,2680
3012,10827,17,1,1280,1280
3013,10827,22,1,2280,2280
3014,10827,8,1,1680,1680
3015,10828,14,1,1780,1780
3016,10828,22,1,2280,2280
3017,10828,7,1,5980,5980
3018,10828,30,1,980,980
3019,10829,23,1,1980,1980
3020,10829,2,1,3280,3280
3021,10829,17,1,1280,1280
3022,10829,40,2,5480,10960
3023,10829,4,1,2480,2480
3024,10829,10,2,4280,8560
3025,10830,1,1,2980,2980
3026,10830,9,1,1880,1880
3027,10830,3,2,4980,9960
3028,10830,23,2,1980,3960
3029,10830,34,1,1480,1480
3030,10830,47,1,1280,1280
3031,10831,3,1,4980,4980
3032,10831,47,1,1280,1280
3033,10831,16,2,1980,3960
3034,10831,23,1,1980,1980
3035,10832,17,2,1280,2560
3036,10832,11,1,3980,3980
3037,10833,8,1,1680,1680
3038,10833,21,2,1680,3360
3039,10833,31,1,2180,2180
3040,10833,9,2,1880,3760
3041,10834,21,1,1680,1680
3042,10834,16,1,1980,1980
3043,10835,42,2,2980,5960
3044,10835,29,1,1780,1780
3045,10835,22,1,2280,2280
3046,10835,33,1,1580,1580
3047,10835,34,1,1480,1480
3048,10835,13,1,3680,3680
3049,10836,41,1,1980,1980
3050,10836,12,1,2480,2480
3051,10837,33,2,1580,3160
3052,10837,11,1,3980,3980
3053,10837,48,1,1880,1880
3054,10837,3,1,4980,4980
3055,10838,6,1,3480,3480
3056,10838,30,1,980,980
3057,10839,17,2,1280,2560
3058,10839,30,1,980,980
3059,10840,3,1,4980,4980
3060,10840,10,1,4280,4280
3061,10841,30,1,980,980
3062,10841,24,1,2580,2580
3063,10841,11,2,3980,7960
3064,10841,33,2,1580,3160
3065,10842,29,1,1780,1780
3066,10842,31,1,2180,2180
3067,10843,26,3,1580,4740
3068,10843,24,1,2580,2580
3069,10843,22,1,2280,2280
3070,10843,21,1,1680,1680
3071,10844,31,1,2180,2180
3072,10844,12,1,2480,2480
3073,10845,48,1,1880,1880
3074,10845,5,1,1980,1980
3075,10845,1,2,2980,5960
3076,10845,29,1,1780,1780
3077,10845,35,1,1180,1180
3078,10845,4,1,2480,2480
3079,10846,1,2,2980,5960
3080,10846,36,1,780,780
3081,10847,10,1,4280,4280
3082,10847,9,1,1880,1880
3083,10847,3,1,4980,4980
3084,10847,15,1,3280,3280
3085,10848,4,1,2480,2480
3086,10848,12,1,2480,2480
3087,10848,38,1,3280,3280
3088,10848,1,1,2980,2980
3089,10849,41,1,1980,1980
3090,10849,9,2,1880,3760
3091,10849,14,1,1780,1780
3092,10849,6,2,3480,6960
3093,10849,22,1,2280,2280
3094,10849,1,1,2980,2980
3095,10850,7,2,5980,11960
3096,10850,6,1,3480,3480
3097,10850,23,1,1980,1980
3098,10850,38,1,3280,3280
3099,10850,31,1,2180,2180
3100,10850,36,2,780,1560
3101,10851,33,1,1580,1580
3102,10851,24,1,2580,2580
3103,10851,46,1,1480,1480
3104,10851,37,1,1380,1380
3105,10852,1,1,2980,2980
3106,10852,2,2,3280,6560
3107,10853,44,1,1680,1680
3108,10853,25,1,1880,1880
3109,10854,43,1,3480,3480
3110,10854,44,1,1680,1680
3111,10854,38,1,3280,3280
3112,10854,3,1,4980,4980
3113,10854,10,1,4280,4280
3114,10854,36,1,780,780
3115,10855,43,1,3480,3480
3116,10855,3,1,4980,4980
3117,10856,4,1,2480,2480
3118,10856,26,1,1580,1580
3119,10857,15,2,3280,6560
3120,10857,8,1,1680,1680
3121,10857,4,2,2480,4960
3122,10857,1,1,2980,2980
3123,10858,47,1,1280,1280
3124,10858,6,2,3480,6960
3125,10859,11,2,3980,7960
3126,10859,13,1,3680,3680
3127,10860,3,2,4980,9960
3128,10860,10,3,4280,12840
3129,10861,45,1,2680,2680
3130,10861,5,1,1980,1980
3131,10861,8,3,1680,5040
3132,10861,11,1,3980,3980
3133,10862,23,1,1980,1980
3134,10862,36,3,780,2340
3135,10862,17,1,1280,1280
3136,10862,46,1,1480,1480
3137,10862,33,1,1580,1580
3138,10862,11,1,3980,3980
3139,10862,42,1,2980,2980
3140,10862,48,3,1880,5640
3141,10863,4,2,2480,4960
3142,10863,30,1,980,980
3143,10863,47,1,1280,1280
3144,10863,23,1,1980,1980
3145,10864,1,1,2980,2980
3146,10864,50,1,1580,1580
3147,10865,11,3,3980,11940
3148,10865,29,1,1780,1780
3149,10865,44,1,1680,1680
3150,10865,30,1,980,980
3151,10865,48,1,1880,1880
3152,10865,31,1,2180,2180
3153,10865,21,1,1680,1680
3154,10865,9,2,1880,3760
3155,10866,5,1,1980,1980
3156,10866,18,2,2180,4360
3157,10866,23,1,1980,1980
3158,10866,15,1,3280,3280
3159,10867,8,1,1680,1680
3160,10867,28,3,3480,10440
3161,10868,42,2,2980,5960
3162,10868,12,1,2480,2480
3163,10868,14,1,1780,1780
3164,10868,29,1,1780,1780
3165,10869,10,2,4280,8560
3166,10869,30,1,980,980
3167,10870,13,2,3680,7360
3168,10870,31,1,2180,2180
3169,10871,28,1,3480,3480
3170,10871,41,1,1980,1980
3171,10872,43,1,3480,3480
3172,10872,11,1,3980,3980
3173,10873,15,1,3280,3280
3174,10873,1,1,2980,2980
3175,10873,13,1,3680,3680
3176,10873,8,1,1680,1680
3177,10873,23,1,1980,1980
3178,10873,6,2,3480,6960
3179,10874,29,1,1780,1780
3180,10874,30,1,980,980
3181,10874,26,1,1580,1580
3182,10874,21,3,1680,5040
3183,10875,22,1,2280,2280
3184,10875,23,1,1980,1980
3185,10876,24,1,2580,2580
3186,10876,32,2,1280,2560
3187,10876,8,1,1680,1680
3188,10876,45,2,2680,5360
3189,10876,49,2,1280,2560
3190,10876,26,1,1580,1580
3191,10877,13,2,3680,7360
3192,10877,15,1,3280,3280
3193,10878,5,1,1980,1980
3194,10878,17,1,1280,1280
3195,10879,1,2,2980,5960
3196,10879,2,1,3280,3280
3197,10880,11,1,3980,3980
3198,10880,34,1,1480,1480
3199,10880,30,2,980,1960
3200,10880,40,1,5480,5480
3201,10881,17,1,1280,1280
3202,10881,1,2,2980,5960
3203,10881,7,1,5980,5980
3204,10881,3,1,4980,4980
3205,10882,50,1,1580,1580
3206,10882,15,1,3280,3280
3207,10883,45,1,2680,2680
3208,10883,50,2,1580,3160
3209,10883,1,1,2980,2980
3210,10883,32,1,1280,1280
3211,10884,48,1,1880,1880
3212,10884,15,2,3280,6560
3213,10884,3,1,4980,4980
3214,10884,32,2,1280,2560
3215,10884,33,1,1580,1580
3216,10884,14,1,1780,1780
3217,10885,39,1,7980,7980
3218,10885,20,1,2880,2880
3219,10886,50,2,1580,3160
3220,10886,1,2,2980,5960
3221,10886,9,1,1880,1880
3222,10886,44,1,1680,1680
3223,10887,45,2,2680,5360
3224,10887,38,1,3280,3280
3225,10887,39,1,7980,7980
3226,10887,20,1,2880,2880
3227,10887,24,1,2580,2580
3228,10887,32,2,1280,2560
3229,10888,16,1,1980,1980
3230,10888,34,2,1480,2960
3231,10888,31,1,2180,2180
3232,10888,1,1,2980,2980
3233,10889,17,1,1280,1280
3234,10889,34,1,1480,1480
3235,10889,6,1,3480,3480
3236,10889,44,1,1680,1680
3237,10890,18,1,2180,2180
3238,10890,23,3,1980,5940
3239,10890,1,1,2980,2980
3240,10890,11,2,3980,7960
3241,10890,12,1,2480,2480
3242,10890,15,1,3280,3280
3243,10891,31,1,2180,2180
3244,10891,24,1,2580,2580
3245,10891,5,1,1980,1980
3246,10891,23,1,1980,1980
3247,10892,4,1,2480,2480
3248,10892,8,3,1680,5040
3249,10893,6,1,3480,3480
3250,10893,12,1,2480,2480
3251,10893,4,1,2480,2480
3252,10893,15,2,3280,6560
3253,10893,31,1,2180,2180
3254,10893,5,1,1980,1980
3255,10894,7,1,5980,5980
3256,10894,37,1,1380,1380
3257,10894,11,1,3980,3980
3258,10894,23,1,1980,1980
3259,10895,10,2,4280,8560
3260,10895,1,3,2980,8940
3261,10896,2,2,3280,6560
3262,10896,40,1,5480,5480
3263,10896,21,1,1680,1680
3264,10896,9,1,1880,1880
3265,10897,30,1,980,980
3266,10897,49,2,1280,2560
3267,10897,11,1,3980,3980
3268,10897,15,1,3280,3280
3269,10897,3,1,4980,4980
3270,10897,4,1,2480,2480
3271,10898,15,1,3280,3280
3272,10898,1,1,2980,2980
3273,10899,32,1,1280,1280
3274,10899,3,1,4980,4980
3275,10899,25,1,1880,1880
3276,10899,39,1,7980,7980
3277,10899,30,2,980,1960
3278,10899,11,1,3980,3980
3279,10899,5,2,1980,3960
3280,10899,33,1,1580,1580
3281,10900,41,1,1980,1980
3282,10900,11,1,3980,3980
3283,10900,16,1,1980,1980
3284,10900,6,1,3480,3480
3285,10901,15,3,3280,9840
3286,10901,26,2,1580,3160
3287,10902,45,1,2680,2680
3288,10902,44,1,1680,1680
3289,10902,8,1,1680,1680
3290,10902,43,1,3480,3480
3291,10902,14,1,1780,1780
3292,10902,27,1,1480,1480
3293,10903,25,1,1880,1880
3294,10903,41,1,1980,1980
3295,10904,11,1,3980,3980
3296,10904,13,1,3680,3680
3297,10905,3,2,4980,9960
3298,10905,10,2,4280,8560
3299,10906,36,1,780,780
3300,10906,31,2,2180,4360
3301,10907,20,1,2880,2880
3302,10907,41,1,1980,1980
3303,10907,42,1,2980,2980
3304,10907,33,1,1580,1580
3305,10908,2,1,3280,3280
3306,10908,18,1,2180,2180
3307,10908,44,1,1680,1680
3308,10908,1,2,2980,5960
3309,10909,21,2,1680,3360
3310,10909,7,2,5980,11960
3311,10910,32,1,1280,1280
3312,10910,6,1,3480,3480
3313,10910,24,2,2580,5160
3314,10910,9,2,1880,3760
3315,10911,16,1,1980,1980
3316,10911,46,1,1480,1480
3317,10911,19,1,1580,1580
3318,10911,4,2,2480,4960
3319,10911,10,1,4280,4280
3320,10911,3,1,4980,4980
3321,10912,16,1,1980,1980
3322,10912,9,1,1880,1880
3323,10913,29,1,1780,1780
3324,10913,31,3,2180,6540
3325,10914,37,1,1380,1380
3326,10914,46,1,1480,1480
3327,10915,14,2,1780,3560
3328,10915,1,1,2980,2980
3329,10916,21,1,1680,1680
3330,10916,28,1,3480,3480
3331,10917,6,1,3480,3480
3332,10917,32,1,1280,1280
3333,10918,32,1,1280,1280
3334,10918,21,1,1680,1680
3335,10919,41,1,1980,1980
3336,10919,16,1,1980,1980
3337,10919,39,1,7980,7980
3338,10919,26,1,1580,1580
3339,10920,31,1,2180,2180
3340,10920,13,1,3680,3680
3341,10921,17,1,1280,1280
3342,10921,3,2,4980,9960
3343,10922,17,2,1280,2560
3344,10922,19,1,1580,1580
3345,10922,15,2,3280,6560
3346,10922,27,2,1480,2960
3347,10923,3,1,4980,4980
3348,10923,22,1,2280,2280
3349,10923,50,2,1580,3160
3350,10923,16,1,1980,1980
3351,10924,6,1,3480,3480
3352,10924,3,2,4980,9960
3353,10924,21,1,1680,1680
3354,10924,16,1,1980,1980
3355,10925,39,2,7980,15960
3356,10925,3,2,4980,9960
3357,10925,24,1,2580,2580
3358,10925,37,1,1380,1380
3359,10926,6,1,3480,3480
3360,10926,50,1,1580,1580
3361,10927,10,1,4280,4280
3362,10927,16,1,1980,1980
3363,10928,11,2,3980,7960
3364,10928,2,1,3280,3280
3365,10928,29,1,1780,1780
3366,10928,6,1,3480,3480
3367,10928,25,1,1880,1880
3368,10928,9,1,1880,1880
3369,10929,12,1,2480,2480
3370,10929,40,1,5480,5480
3371,10929,1,1,2980,2980
3372,10929,5,1,1980,1980
3373,10929,4,1,2480,2480
3374,10929,30,2,980,1960
3375,10930,5,1,1980,1980
3376,10930,7,2,5980,11960
3377,10930,6,1,3480,3480
3378,10930,43,1,3480,3480
3379,10931,11,1,3980,3980
3380,10931,5,1,1980,1980
3381,10932,44,1,1680,1680
3382,10932,9,1,1880,1880
3383,10933,44,1,1680,1680
3384,10933,43,1,3480,3480
3385,10933,24,2,2580,5160
3386,10933,3,2,4980,9960
3387,10933,11,1,3980,3980
3388,10933,29,1,1780,1780
3389,10934,24,1,2580,2580
3390,10934,5,1,1980,1980
3391,10934,23,1,1980,1980
3392,10934,20,1,2880,2880
3393,10935,5,1,1980,1980
3394,10935,9,1,1880,1880
3395,10936,24,1,2580,2580
3396,10936,39,3,7980,23940
3397,10936,5,1,1980,1980
3398,10936,16,1,1980,1980
3399,10936,45,1,2680,2680
3400,10936,23,1,1980,1980
3401,10936,38,3,3280,9840
3402,10936,30,1,980,980
3403,10937,19,2,1580,3160
3404,10937,11,1,3980,3980
3405,10937,43,2,3480,6960
3406,10937,22,1,2280,2280
3407,10937,30,1,980,980
3408,10937,16,1,1980,1980
3409,10938,48,1,1880,1880
3410,10938,42,1,2980,2980
3411,10938,34,1,1480,1480
3412,10938,2,1,3280,3280
3413,10938,12,1,2480,2480
3414,10938,41,1,1980,1980
3415,10939,30,1,980,980
3416,10939,5,1,1980,1980
3417,10939,11,1,3980,3980
3418,10939,45,2,2680,5360
3419,10940,30,1,980,980
3420,10940,7,1,5980,5980
3421,10940,32,1,1280,1280
3422,10940,8,1,1680,1680
3423,10941,33,1,1580,1580
3424,10941,5,1,1980,1980
3425,10941,14,1,1780,1780
3426,10941,37,1,1380,1380
3427,10941,6,1,3480,3480
3428,10941,44,1,1680,1680
3429,10941,11,2,3980,7960
3430,10941,29,2,1780,3560
3431,10942,25,1,1880,1880
3432,10942,32,1,1280,1280
3433,10942,33,3,1580,4740
3434,10942,5,2,1980,3960
3435,10943,20,1,2880,2880
3436,10943,13,1,3680,3680
3437,10944,41,1,1980,1980
3438,10944,29,1,1780,1780
3439,10945,6,1,3480,3480
3440,10945,32,3,1280,3840
3441,10946,8,1,1680,1680
3442,10946,40,1,5480,5480
3443,10947,4,1,2480,2480
3444,10947,8,1,1680,1680
3445,10948,48,1,1880,1880
3446,10948,21,1,1680,1680
3447,10948,18,1,2180,2180
3448,10948,43,1,3480,3480
3449,10948,45,1,2680,2680
3450,10948,32,3,1280,3840
3451,10948,26,1,1580,1580
3452,10948,12,1,2480,2480
3453,10949,45,1,2680,2680
3454,10949,7,1,5980,5980
3455,10949,26,2,1580,3160
3456,10949,44,1,1680,1680
3457,10950,14,2,1780,3560
3458,10950,29,2,1780,3560
3459,10950,34,1,1480,1480
3460,10950,13,1,3680,3680
3461,10951,48,1,1880,1880
3462,10951,16,1,1980,1980
3463,10952,3,2,4980,9960
3464,10952,22,1,2280,2280
3465,10952,7,1,5980,5980
3466,10952,10,3,4280,12840
3467,10953,39,1,7980,7980
3468,10953,13,1,3680,3680
3469,10953,25,2,1880,3760
3470,10953,29,1,1780,1780
3471,10954,8,1,1680,1680
3472,10954,30,2,980,1960
3473,10954,4,1,2480,2480
3474,10954,20,1,2880,2880
3475,10954,23,1,1980,1980
3476,10954,36,2,780,1560
3477,10954,5,1,1980,1980
3478,10954,9,3,1880,5640
3479,10955,5,1,1980,1980
3480,10955,30,1,980,980
3481,10956,8,2,1680,3360
3482,10956,24,1,2580,2580
3483,10957,27,2,1480,2960
3484,10957,47,1,1280,1280
3485,10957,39,1,7980,7980
3486,10957,4,1,2480,2480
3487,10958,11,2,3980,7960
3488,10958,48,1,1880,1880
3489,10958,42,1,2980,2980
3490,10958,28,1,3480,3480
3491,10958,25,1,1880,1880
3492,10958,3,1,4980,4980
3493,10959,3,1,4980,4980
3494,10959,30,1,980,980
3495,10959,12,1,2480,2480
3496,10959,4,2,2480,4960
3497,10959,34,1,1480,1480
3498,10959,14,3,1780,5340
3499,10959,13,1,3680,3680
3500,10959,11,1,3980,3980
3501,10960,3,1,4980,4980
3502,10960,10,1,4280,4280
3503,10961,37,2,1380,2760
3504,10961,24,1,2580,2580
3505,10962,15,1,3280,3280
3506,10962,44,1,1680,1680
3507,10963,50,1,1580,1580
3508,10963,11,1,3980,3980
3509,10963,9,1,1880,1880
3510,10963,31,2,2180,4360
3511,10964,23,3,1980,5940
3512,10964,4,2,2480,4960
3513,10965,3,1,4980,4980
3514,10965,31,1,2180,2180
3515,10966,47,1,1280,1280
3516,10966,36,1,780,780
3517,10967,26,1,1580,1580
3518,10967,3,1,4980,4980
3519,10968,31,3,2180,6540
3520,10968,21,1,1680,1680
3521,10968,34,2,1480,2960
3522,10968,3,1,4980,4980
3523,10969,21,3,1680,5040
3524,10969,26,2,1580,3160
3525,10970,8,1,1680,1680
3526,10970,13,2,3680,7360
3527,10971,44,2,1680,3360
3528,10971,29,2,1780,3560
3529,10972,25,1,1880,1880
3530,10972,30,1,980,980
3531,10973,6,1,3480,3480
3532,10973,7,1,5980,5980
3533,10974,36,1,780,780
3534,10974,9,1,1880,1880
3535,10975,40,1,5480,5480
3536,10975,41,1,1980,1980
3537,10975,42,2,2980,5960
3538,10975,20,1,2880,2880
3539,10976,22,1,2280,2280
3540,10976,23,2,1980,3960
3541,10977,41,3,1980,5940
3542,10977,23,1,1980,1980
3543,10977,15,1,3280,3280
3544,10977,6,1,3480,3480
3545,10978,23,2,1980,3960
3546,10978,1,1,2980,2980
3547,10978,5,1,1980,1980
3548,10978,3,1,4980,4980
3549,10978,11,1,3980,3980
3550,10978,49,1,1280,1280
3551,10978,30,2,980,1960
3552,10978,4,1,2480,2480
3553,10979,4,1,2480,2480
3554,10979,8,1,1680,1680
3555,10980,23,1,1980,1980
3556,10980,36,1,780,780
3557,10980,29,1,1780,1780
3558,10980,32,1,1280,1280
3559,10981,36,1,780,780
3560,10981,16,1,1980,1980
3561,10981,23,2,1980,3960
3562,10981,31,1,2180,2180
3563,10982,23,1,1980,1980
3564,10982,18,1,2180,2180
3565,10982,7,1,5980,5980
3566,10982,46,1,1480,1480
3567,10983,15,2,3280,6560
3568,10983,36,1,780,780
3569,10983,1,1,2980,2980
3570,10983,13,1,3680,3680
3571,10983,21,1,1680,1680
3572,10983,29,1,1780,1780
3573,10984,30,1,980,980
3574,10984,24,1,2580,2580
3575,10985,15,1,3280,3280
3576,10985,40,1,5480,5480
3577,10986,8,2,1680,3360
3578,10986,3,2,4980,9960
3579,10986,21,1,1680,1680
3580,10986,32,1,1280,1280
3581,10987,41,1,1980,1980
3582,10987,3,1,4980,4980
3583,10987,39,3,7980,23940
3584,10987,21,1,1680,1680
3585,10988,16,1,1980,1980
3586,10988,23,1,1980,1980
3587,10988,12,1,2480,2480
3588,10988,3,1,4980,4980
3589,10988,22,3,2280,6840
3590,10988,48,1,1880,1880
3591,10988,29,3,1780,5340
3592,10988,33,1,1580,1580
3593,10989,20,1,2880,2880
3594,10989,15,1,3280,3280
3595,10989,8,1,1680,1680
3596,10989,30,1,980,980
3597,10989,49,1,1280,1280
3598,10989,24,1,2580,2580
3599,10989,3,1,4980,4980
3600,10989,17,1,1280,1280
3601,10990,21,1,1680,1680
3602,10990,41,1,1980,1980
3603,10990,45,1,2680,2680
3604,10990,34,1,1480,1480
3605,10991,5,1,1980,1980
3606,10991,43,1,3480,3480
3607,10992,20,1,2880,2880
3608,10992,29,1,1780,1780
3609,10992,15,1,3280,3280
3610,10992,10,1,4280,4280
3611,10993,12,1,2480,2480
3612,10993,26,2,1580,3160
3613,10993,13,1,3680,3680
3614,10993,5,2,1980,3960
3615,10994,4,2,2480,4960
3616,10994,3,1,4980,4980
3617,10994,41,1,1980,1980
3618,10994,13,1,3680,3680
3619,10995,4,1,2480,2480
3620,10995,22,1,2280,2280
3621,10995,19,1,1580,1580
3622,10995,1,2,2980,5960
3623,10996,39,2,7980,15960
3624,10996,21,1,1680,1680
3625,10997,23,1,1980,1980
3626,10997,48,1,1880,1880
3627,10997,18,1,2180,2180
3628,10997,14,1,1780,1780
3629,10997,34,1,1480,1480
3630,10997,12,1,2480,2480
3631,10998,3,1,4980,4980
3632,10998,2,2,3280,6560
3633,10999,1,1,2980,2980
3634,10999,14,2,1780,3560
3635,10999,8,1,1680,1680
3636,10999,48,1,1880,1880
3637,11000,11,1,3980,3980
3638,11000,13,3,3680,11040
